variable_name,survey_id,survey_group_variable_id,year,group_name
ACCESSINET,ACSPUMS5Y2020,ACSPUMS5Y2020_nogroup_ACCESSINET,2020,nogroup
ACCESSINET,ACSPUMS5YPR2020,ACSPUMS5YPR2020_nogroup_ACCESSINET,2020,nogroup
ACR,ACSPUMS5Y2020,ACSPUMS5Y2020_nogroup_ACR,2020,nogroup
ACR,ACSPUMS5YPR2020,ACSPUMS5YPR2020_nogroup_ACR,2020,nogroup
ADJHSG,ACSPUMS5Y2020,ACSPUMS5Y2020_nogroup_ADJHSG,2020,nogroup
ADJHSG,ACSPUMS5YPR2020,ACSPUMS5YPR2020_nogroup_ADJHSG,2020,nogroup
ADJINC,ACSPUMS5Y2020,ACSPUMS5Y2020_nogroup_ADJINC,2020,nogroup
ADJINC,ACSPUMS5YPR2020,ACSPUMS5YPR2020_nogroup_ADJINC,2020,nogroup
AGEP,ACSPUMS5Y2020,ACSPUMS5Y2020_nogroup_AGEP,2020,nogroup
AGEP,ACSPUMS5YPR2020,ACSPUMS5YPR2020_nogroup_AGEP,2020,nogroup
AGS,ACSPUMS5Y2020,ACSPUMS5Y2020_nogroup_AGS,2020,nogroup
AGS,ACSPUMS5YPR2020,ACSPUMS5YPR2020_nogroup_AGS,2020,nogroup
AIANHH,ACSDP5Y2020,ACSDP5Y2020_nogroup_AIANHH,2020,nogroup
AIANHH,ACSST5Y2020,ACSST5Y2020_nogroup_AIANHH,2020,nogroup
AIANHH,ACSDT5Y2020,ACSDT5Y2020_nogroup_AIANHH,2020,nogroup
AIHHTL,ACSDP5Y2020,ACSDP5Y2020_nogroup_AIHHTL,2020,nogroup
AIHHTL,ACSST5Y2020,ACSST5Y2020_nogroup_AIHHTL,2020,nogroup
AIHHTL,ACSDT5Y2020,ACSDT5Y2020_nogroup_AIHHTL,2020,nogroup
AIRES,ACSDP5Y2020,ACSDP5Y2020_nogroup_AIRES,2020,nogroup
AIRES,ACSST5Y2020,ACSST5Y2020_nogroup_AIRES,2020,nogroup
AIRES,ACSDT5Y2020,ACSDT5Y2020_nogroup_AIRES,2020,nogroup
ANC,ACSPUMS5Y2020,ACSPUMS5Y2020_nogroup_ANC,2020,nogroup
ANC,ACSPUMS5YPR2020,ACSPUMS5YPR2020_nogroup_ANC,2020,nogroup
ANC1P,ACSPUMS5Y2020,ACSPUMS5Y2020_nogroup_ANC1P,2020,nogroup
ANC1P,ACSPUMS5YPR2020,ACSPUMS5YPR2020_nogroup_ANC1P,2020,nogroup
ANC2P,ACSPUMS5YPR2020,ACSPUMS5YPR2020_nogroup_ANC2P,2020,nogroup
ANC2P,ACSPUMS5Y2020,ACSPUMS5Y2020_nogroup_ANC2P,2020,nogroup
ANRC,ACSDP5Y2020,ACSDP5Y2020_nogroup_ANRC,2020,nogroup
ANRC,ACSST5Y2020,ACSST5Y2020_nogroup_ANRC,2020,nogroup
ANRC,ACSDT5Y2020,ACSDT5Y2020_nogroup_ANRC,2020,nogroup
BATH,ACSPUMS5YPR2020,ACSPUMS5YPR2020_nogroup_BATH,2020,nogroup
BATH,ACSPUMS5Y2020,ACSPUMS5Y2020_nogroup_BATH,2020,nogroup
BDSP,ACSPUMS5YPR2020,ACSPUMS5YPR2020_nogroup_BDSP,2020,nogroup
BDSP,ACSPUMS5Y2020,ACSPUMS5Y2020_nogroup_BDSP,2020,nogroup
BLD,ACSPUMS5YPR2020,ACSPUMS5YPR2020_nogroup_BLD,2020,nogroup
BLD,ACSPUMS5Y2020,ACSPUMS5Y2020_nogroup_BLD,2020,nogroup
BROADBND,ACSPUMS5Y2020,ACSPUMS5Y2020_nogroup_BROADBND,2020,nogroup
BROADBND,ACSPUMS5YPR2020,ACSPUMS5YPR2020_nogroup_BROADBND,2020,nogroup
CBSA,ACSDP5Y2020,ACSDP5Y2020_nogroup_CBSA,2020,nogroup
CBSA,ACSCP5Y2020,ACSCP5Y2020_nogroup_CBSA,2020,nogroup
CBSA,ACSST5Y2020,ACSST5Y2020_nogroup_CBSA,2020,nogroup
CBSA,ACSDT5Y2020,ACSDT5Y2020_nogroup_CBSA,2020,nogroup
CD,ACSCP5Y2020,ACSCP5Y2020_nogroup_CD,2020,nogroup
CD,ACSDP5Y2020,ACSDP5Y2020_nogroup_CD,2020,nogroup
CD,ACSST5Y2020,ACSST5Y2020_nogroup_CD,2020,nogroup
CD,ACSDT5Y2020,ACSDT5Y2020_nogroup_CD,2020,nogroup
CIT,ACSPUMS5Y2020,ACSPUMS5Y2020_nogroup_CIT,2020,nogroup
CIT,ACSPUMS5YPR2020,ACSPUMS5YPR2020_nogroup_CIT,2020,nogroup
CITWP,ACSPUMS5Y2020,ACSPUMS5Y2020_nogroup_CITWP,2020,nogroup
CITWP,ACSPUMS5YPR2020,ACSPUMS5YPR2020_nogroup_CITWP,2020,nogroup
CNECTA,ACSDT5Y2020,ACSDT5Y2020_nogroup_CNECTA,2020,nogroup
CNECTA,ACSST5Y2020,ACSST5Y2020_nogroup_CNECTA,2020,nogroup
CNECTA,ACSDP5Y2020,ACSDP5Y2020_nogroup_CNECTA,2020,nogroup
COMPOTHX,ACSPUMS5YPR2020,ACSPUMS5YPR2020_nogroup_COMPOTHX,2020,nogroup
COMPOTHX,ACSPUMS5Y2020,ACSPUMS5Y2020_nogroup_COMPOTHX,2020,nogroup
CONCAT_ID,ACSPUMS5YPR2020,ACSPUMS5YPR2020_nogroup_CONCAT_ID,2020,nogroup
CONCAT_ID,ACSPUMS5Y2020,ACSPUMS5Y2020_nogroup_CONCAT_ID,2020,nogroup
CONCIT,ACSST5Y2020,ACSST5Y2020_nogroup_CONCIT,2020,nogroup
CONCIT,ACSDT5Y2020,ACSDT5Y2020_nogroup_CONCIT,2020,nogroup
CONCIT,ACSDP5Y2020,ACSDP5Y2020_nogroup_CONCIT,2020,nogroup
CONP,ACSPUMS5YPR2020,ACSPUMS5YPR2020_nogroup_CONP,2020,nogroup
CONP,ACSPUMS5Y2020,ACSPUMS5Y2020_nogroup_CONP,2020,nogroup
COUNTY,ACSDT5Y2020,ACSDT5Y2020_nogroup_COUNTY,2020,nogroup
COUNTY,ACSCP5Y2020,ACSCP5Y2020_nogroup_COUNTY,2020,nogroup
COUNTY,ACSDP5Y2020,ACSDP5Y2020_nogroup_COUNTY,2020,nogroup
COUNTY,ACSST5Y2020,ACSST5Y2020_nogroup_COUNTY,2020,nogroup
COUSUB,ACSST5Y2020,ACSST5Y2020_nogroup_COUSUB,2020,nogroup
COUSUB,ACSDP5Y2020,ACSDP5Y2020_nogroup_COUSUB,2020,nogroup
COUSUB,ACSDT5Y2020,ACSDT5Y2020_nogroup_COUSUB,2020,nogroup
COW,ACSPUMS5YPR2020,ACSPUMS5YPR2020_nogroup_COW,2020,nogroup
COW,ACSPUMS5Y2020,ACSPUMS5Y2020_nogroup_COW,2020,nogroup
CPLT,ACSPUMS5Y2020,ACSPUMS5Y2020_nogroup_CPLT,2020,nogroup
CPLT,ACSPUMS5YPR2020,ACSPUMS5YPR2020_nogroup_CPLT,2020,nogroup
CSA,ACSST5Y2020,ACSST5Y2020_nogroup_CSA,2020,nogroup
CSA,ACSDT5Y2020,ACSDT5Y2020_nogroup_CSA,2020,nogroup
CSA,ACSDP5Y2020,ACSDP5Y2020_nogroup_CSA,2020,nogroup
DDRS,ACSPUMS5YPR2020,ACSPUMS5YPR2020_nogroup_DDRS,2020,nogroup
DDRS,ACSPUMS5Y2020,ACSPUMS5Y2020_nogroup_DDRS,2020,nogroup
DEAR,ACSPUMS5Y2020,ACSPUMS5Y2020_nogroup_DEAR,2020,nogroup
DEAR,ACSPUMS5YPR2020,ACSPUMS5YPR2020_nogroup_DEAR,2020,nogroup
DECADE,ACSPUMS5YPR2020,ACSPUMS5YPR2020_nogroup_DECADE,2020,nogroup
DECADE,ACSPUMS5Y2020,ACSPUMS5Y2020_nogroup_DECADE,2020,nogroup
DEYE,ACSPUMS5YPR2020,ACSPUMS5YPR2020_nogroup_DEYE,2020,nogroup
DEYE,ACSPUMS5Y2020,ACSPUMS5Y2020_nogroup_DEYE,2020,nogroup
DIALUP,ACSPUMS5Y2020,ACSPUMS5Y2020_nogroup_DIALUP,2020,nogroup
DIALUP,ACSPUMS5YPR2020,ACSPUMS5YPR2020_nogroup_DIALUP,2020,nogroup
DIS,ACSPUMS5Y2020,ACSPUMS5Y2020_nogroup_DIS,2020,nogroup
DIS,ACSPUMS5YPR2020,ACSPUMS5YPR2020_nogroup_DIS,2020,nogroup
DIVISION,ACSPUMS5YPR2020,ACSPUMS5YPR2020_nogroup_DIVISION,2020,nogroup
DIVISION,ACSST5Y2020,ACSST5Y2020_nogroup_DIVISION,2020,nogroup
DIVISION,ACSPUMS5Y2020,ACSPUMS5Y2020_nogroup_DIVISION,2020,nogroup
DIVISION,ACSDT5Y2020,ACSDT5Y2020_nogroup_DIVISION,2020,nogroup
DIVISION,ACSDP5Y2020,ACSDP5Y2020_nogroup_DIVISION,2020,nogroup
DOUT,ACSPUMS5Y2020,ACSPUMS5Y2020_nogroup_DOUT,2020,nogroup
DOUT,ACSPUMS5YPR2020,ACSPUMS5YPR2020_nogroup_DOUT,2020,nogroup
DPHY,ACSPUMS5Y2020,ACSPUMS5Y2020_nogroup_DPHY,2020,nogroup
DPHY,ACSPUMS5YPR2020,ACSPUMS5YPR2020_nogroup_DPHY,2020,nogroup
DRAT,ACSPUMS5YPR2020,ACSPUMS5YPR2020_nogroup_DRAT,2020,nogroup
DRAT,ACSPUMS5Y2020,ACSPUMS5Y2020_nogroup_DRAT,2020,nogroup
DRATX,ACSPUMS5YPR2020,ACSPUMS5YPR2020_nogroup_DRATX,2020,nogroup
DRATX,ACSPUMS5Y2020,ACSPUMS5Y2020_nogroup_DRATX,2020,nogroup
DREM,ACSPUMS5YPR2020,ACSPUMS5YPR2020_nogroup_DREM,2020,nogroup
DREM,ACSPUMS5Y2020,ACSPUMS5Y2020_nogroup_DREM,2020,nogroup
DRIVESP,ACSPUMS5YPR2020,ACSPUMS5YPR2020_nogroup_DRIVESP,2020,nogroup
DRIVESP,ACSPUMS5Y2020,ACSPUMS5Y2020_nogroup_DRIVESP,2020,nogroup
ELEFP,ACSPUMS5YPR2020,ACSPUMS5YPR2020_nogroup_ELEFP,2020,nogroup
ELEFP,ACSPUMS5Y2020,ACSPUMS5Y2020_nogroup_ELEFP,2020,nogroup
ELEP,ACSPUMS5YPR2020,ACSPUMS5YPR2020_nogroup_ELEP,2020,nogroup
ELEP,ACSPUMS5Y2020,ACSPUMS5Y2020_nogroup_ELEP,2020,nogroup
ENG,ACSPUMS5YPR2020,ACSPUMS5YPR2020_nogroup_ENG,2020,nogroup
ENG,ACSPUMS5Y2020,ACSPUMS5Y2020_nogroup_ENG,2020,nogroup
ESP,ACSPUMS5YPR2020,ACSPUMS5YPR2020_nogroup_ESP,2020,nogroup
ESP,ACSPUMS5Y2020,ACSPUMS5Y2020_nogroup_ESP,2020,nogroup
ESR,ACSPUMS5Y2020,ACSPUMS5Y2020_nogroup_ESR,2020,nogroup
ESR,ACSPUMS5YPR2020,ACSPUMS5YPR2020_nogroup_ESR,2020,nogroup
FACCESSP,ACSPUMS5Y2020,ACSPUMS5Y2020_nogroup_FACCESSP,2020,nogroup
FACCESSP,ACSPUMS5YPR2020,ACSPUMS5YPR2020_nogroup_FACCESSP,2020,nogroup
FACRP,ACSPUMS5Y2020,ACSPUMS5Y2020_nogroup_FACRP,2020,nogroup
FACRP,ACSPUMS5YPR2020,ACSPUMS5YPR2020_nogroup_FACRP,2020,nogroup
FAGEP,ACSPUMS5YPR2020,ACSPUMS5YPR2020_nogroup_FAGEP,2020,nogroup
FAGEP,ACSPUMS5Y2020,ACSPUMS5Y2020_nogroup_FAGEP,2020,nogroup
FAGSP,ACSPUMS5YPR2020,ACSPUMS5YPR2020_nogroup_FAGSP,2020,nogroup
FAGSP,ACSPUMS5Y2020,ACSPUMS5Y2020_nogroup_FAGSP,2020,nogroup
FANCP,ACSPUMS5Y2020,ACSPUMS5Y2020_nogroup_FANCP,2020,nogroup
FANCP,ACSPUMS5YPR2020,ACSPUMS5YPR2020_nogroup_FANCP,2020,nogroup
FBATHP,ACSPUMS5YPR2020,ACSPUMS5YPR2020_nogroup_FBATHP,2020,nogroup
FBATHP,ACSPUMS5Y2020,ACSPUMS5Y2020_nogroup_FBATHP,2020,nogroup
FBDSP,ACSPUMS5Y2020,ACSPUMS5Y2020_nogroup_FBDSP,2020,nogroup
FBDSP,ACSPUMS5YPR2020,ACSPUMS5YPR2020_nogroup_FBDSP,2020,nogroup
FBLDP,ACSPUMS5YPR2020,ACSPUMS5YPR2020_nogroup_FBLDP,2020,nogroup
FBLDP,ACSPUMS5Y2020,ACSPUMS5Y2020_nogroup_FBLDP,2020,nogroup
FBROADBNDP,ACSPUMS5Y2020,ACSPUMS5Y2020_nogroup_FBROADBNDP,2020,nogroup
FBROADBNDP,ACSPUMS5YPR2020,ACSPUMS5YPR2020_nogroup_FBROADBNDP,2020,nogroup
FCITP,ACSPUMS5Y2020,ACSPUMS5Y2020_nogroup_FCITP,2020,nogroup
FCITP,ACSPUMS5YPR2020,ACSPUMS5YPR2020_nogroup_FCITP,2020,nogroup
FCITWP,ACSPUMS5YPR2020,ACSPUMS5YPR2020_nogroup_FCITWP,2020,nogroup
FCITWP,ACSPUMS5Y2020,ACSPUMS5Y2020_nogroup_FCITWP,2020,nogroup
FCOMPOTHXP,ACSPUMS5Y2020,ACSPUMS5Y2020_nogroup_FCOMPOTHXP,2020,nogroup
FCOMPOTHXP,ACSPUMS5YPR2020,ACSPUMS5YPR2020_nogroup_FCOMPOTHXP,2020,nogroup
FCONP,ACSPUMS5YPR2020,ACSPUMS5YPR2020_nogroup_FCONP,2020,nogroup
FCONP,ACSPUMS5Y2020,ACSPUMS5Y2020_nogroup_FCONP,2020,nogroup
FCOWP,ACSPUMS5Y2020,ACSPUMS5Y2020_nogroup_FCOWP,2020,nogroup
FCOWP,ACSPUMS5YPR2020,ACSPUMS5YPR2020_nogroup_FCOWP,2020,nogroup
FDDRSP,ACSPUMS5Y2020,ACSPUMS5Y2020_nogroup_FDDRSP,2020,nogroup
FDDRSP,ACSPUMS5YPR2020,ACSPUMS5YPR2020_nogroup_FDDRSP,2020,nogroup
FDEARP,ACSPUMS5Y2020,ACSPUMS5Y2020_nogroup_FDEARP,2020,nogroup
FDEARP,ACSPUMS5YPR2020,ACSPUMS5YPR2020_nogroup_FDEARP,2020,nogroup
FDEYEP,ACSPUMS5YPR2020,ACSPUMS5YPR2020_nogroup_FDEYEP,2020,nogroup
FDEYEP,ACSPUMS5Y2020,ACSPUMS5Y2020_nogroup_FDEYEP,2020,nogroup
FDIALUPP,ACSPUMS5Y2020,ACSPUMS5Y2020_nogroup_FDIALUPP,2020,nogroup
FDIALUPP,ACSPUMS5YPR2020,ACSPUMS5YPR2020_nogroup_FDIALUPP,2020,nogroup
FDISP,ACSPUMS5YPR2020,ACSPUMS5YPR2020_nogroup_FDISP,2020,nogroup
FDISP,ACSPUMS5Y2020,ACSPUMS5Y2020_nogroup_FDISP,2020,nogroup
FDOUTP,ACSPUMS5Y2020,ACSPUMS5Y2020_nogroup_FDOUTP,2020,nogroup
FDOUTP,ACSPUMS5YPR2020,ACSPUMS5YPR2020_nogroup_FDOUTP,2020,nogroup
FDPHYP,ACSPUMS5YPR2020,ACSPUMS5YPR2020_nogroup_FDPHYP,2020,nogroup
FDPHYP,ACSPUMS5Y2020,ACSPUMS5Y2020_nogroup_FDPHYP,2020,nogroup
FDRATP,ACSPUMS5YPR2020,ACSPUMS5YPR2020_nogroup_FDRATP,2020,nogroup
FDRATP,ACSPUMS5Y2020,ACSPUMS5Y2020_nogroup_FDRATP,2020,nogroup
FDRATXP,ACSPUMS5Y2020,ACSPUMS5Y2020_nogroup_FDRATXP,2020,nogroup
FDRATXP,ACSPUMS5YPR2020,ACSPUMS5YPR2020_nogroup_FDRATXP,2020,nogroup
FDREMP,ACSPUMS5Y2020,ACSPUMS5Y2020_nogroup_FDREMP,2020,nogroup
FDREMP,ACSPUMS5YPR2020,ACSPUMS5YPR2020_nogroup_FDREMP,2020,nogroup
FELEP,ACSPUMS5Y2020,ACSPUMS5Y2020_nogroup_FELEP,2020,nogroup
FELEP,ACSPUMS5YPR2020,ACSPUMS5YPR2020_nogroup_FELEP,2020,nogroup
FENGP,ACSPUMS5YPR2020,ACSPUMS5YPR2020_nogroup_FENGP,2020,nogroup
FENGP,ACSPUMS5Y2020,ACSPUMS5Y2020_nogroup_FENGP,2020,nogroup
FER,ACSPUMS5YPR2020,ACSPUMS5YPR2020_nogroup_FER,2020,nogroup
FER,ACSPUMS5Y2020,ACSPUMS5Y2020_nogroup_FER,2020,nogroup
FES,ACSPUMS5YPR2020,ACSPUMS5YPR2020_nogroup_FES,2020,nogroup
FES,ACSPUMS5Y2020,ACSPUMS5Y2020_nogroup_FES,2020,nogroup
FESRP,ACSPUMS5YPR2020,ACSPUMS5YPR2020_nogroup_FESRP,2020,nogroup
FESRP,ACSPUMS5Y2020,ACSPUMS5Y2020_nogroup_FESRP,2020,nogroup
FFERP,ACSPUMS5YPR2020,ACSPUMS5YPR2020_nogroup_FFERP,2020,nogroup
FFERP,ACSPUMS5Y2020,ACSPUMS5Y2020_nogroup_FFERP,2020,nogroup
FFINCP,ACSPUMS5Y2020,ACSPUMS5Y2020_nogroup_FFINCP,2020,nogroup
FFINCP,ACSPUMS5YPR2020,ACSPUMS5YPR2020_nogroup_FFINCP,2020,nogroup
FFODP,ACSPUMS5Y2020,ACSPUMS5Y2020_nogroup_FFODP,2020,nogroup
FFODP,ACSPUMS5YPR2020,ACSPUMS5YPR2020_nogroup_FFODP,2020,nogroup
FFSP,ACSPUMS5YPR2020,ACSPUMS5YPR2020_nogroup_FFSP,2020,nogroup
FFSP,ACSPUMS5Y2020,ACSPUMS5Y2020_nogroup_FFSP,2020,nogroup
FFULP,ACSPUMS5YPR2020,ACSPUMS5YPR2020_nogroup_FFULP,2020,nogroup
FFULP,ACSPUMS5Y2020,ACSPUMS5Y2020_nogroup_FFULP,2020,nogroup
FGASP,ACSPUMS5Y2020,ACSPUMS5Y2020_nogroup_FGASP,2020,nogroup
FGASP,ACSPUMS5YPR2020,ACSPUMS5YPR2020_nogroup_FGASP,2020,nogroup
FGCLP,ACSPUMS5Y2020,ACSPUMS5Y2020_nogroup_FGCLP,2020,nogroup
FGCLP,ACSPUMS5YPR2020,ACSPUMS5YPR2020_nogroup_FGCLP,2020,nogroup
FGCMP,ACSPUMS5YPR2020,ACSPUMS5YPR2020_nogroup_FGCMP,2020,nogroup
FGCMP,ACSPUMS5Y2020,ACSPUMS5Y2020_nogroup_FGCMP,2020,nogroup
FGCRP,ACSPUMS5YPR2020,ACSPUMS5YPR2020_nogroup_FGCRP,2020,nogroup
FGCRP,ACSPUMS5Y2020,ACSPUMS5Y2020_nogroup_FGCRP,2020,nogroup
FGRNTP,ACSPUMS5YPR2020,ACSPUMS5YPR2020_nogroup_FGRNTP,2020,nogroup
FGRNTP,ACSPUMS5Y2020,ACSPUMS5Y2020_nogroup_FGRNTP,2020,nogroup
FHFLP,ACSPUMS5YPR2020,ACSPUMS5YPR2020_nogroup_FHFLP,2020,nogroup
FHFLP,ACSPUMS5Y2020,ACSPUMS5Y2020_nogroup_FHFLP,2020,nogroup
FHICOVP,ACSPUMS5Y2020,ACSPUMS5Y2020_nogroup_FHICOVP,2020,nogroup
FHICOVP,ACSPUMS5YPR2020,ACSPUMS5YPR2020_nogroup_FHICOVP,2020,nogroup
FHINCP,ACSPUMS5Y2020,ACSPUMS5Y2020_nogroup_FHINCP,2020,nogroup
FHINCP,ACSPUMS5YPR2020,ACSPUMS5YPR2020_nogroup_FHINCP,2020,nogroup
FHINS1P,ACSPUMS5Y2020,ACSPUMS5Y2020_nogroup_FHINS1P,2020,nogroup
FHINS1P,ACSPUMS5YPR2020,ACSPUMS5YPR2020_nogroup_FHINS1P,2020,nogroup
FHINS2P,ACSPUMS5YPR2020,ACSPUMS5YPR2020_nogroup_FHINS2P,2020,nogroup
FHINS2P,ACSPUMS5Y2020,ACSPUMS5Y2020_nogroup_FHINS2P,2020,nogroup
FHINS3C,ACSPUMS5YPR2020,ACSPUMS5YPR2020_nogroup_FHINS3C,2020,nogroup
FHINS3C,ACSPUMS5Y2020,ACSPUMS5Y2020_nogroup_FHINS3C,2020,nogroup
FHINS3P,ACSPUMS5YPR2020,ACSPUMS5YPR2020_nogroup_FHINS3P,2020,nogroup
FHINS3P,ACSPUMS5Y2020,ACSPUMS5Y2020_nogroup_FHINS3P,2020,nogroup
FHINS4C,ACSPUMS5YPR2020,ACSPUMS5YPR2020_nogroup_FHINS4C,2020,nogroup
FHINS4C,ACSPUMS5Y2020,ACSPUMS5Y2020_nogroup_FHINS4C,2020,nogroup
FHINS4P,ACSPUMS5YPR2020,ACSPUMS5YPR2020_nogroup_FHINS4P,2020,nogroup
FHINS4P,ACSPUMS5Y2020,ACSPUMS5Y2020_nogroup_FHINS4P,2020,nogroup
FHINS5C,ACSPUMS5YPR2020,ACSPUMS5YPR2020_nogroup_FHINS5C,2020,nogroup
FHINS5C,ACSPUMS5Y2020,ACSPUMS5Y2020_nogroup_FHINS5C,2020,nogroup
FHINS5P,ACSPUMS5YPR2020,ACSPUMS5YPR2020_nogroup_FHINS5P,2020,nogroup
FHINS5P,ACSPUMS5Y2020,ACSPUMS5Y2020_nogroup_FHINS5P,2020,nogroup
FHINS6P,ACSPUMS5YPR2020,ACSPUMS5YPR2020_nogroup_FHINS6P,2020,nogroup
FHINS6P,ACSPUMS5Y2020,ACSPUMS5Y2020_nogroup_FHINS6P,2020,nogroup
FHINS7P,ACSPUMS5YPR2020,ACSPUMS5YPR2020_nogroup_FHINS7P,2020,nogroup
FHINS7P,ACSPUMS5Y2020,ACSPUMS5Y2020_nogroup_FHINS7P,2020,nogroup
FHISP,ACSPUMS5YPR2020,ACSPUMS5YPR2020_nogroup_FHISP,2020,nogroup
FHISP,ACSPUMS5Y2020,ACSPUMS5Y2020_nogroup_FHISP,2020,nogroup
FHISPEEDP,ACSPUMS5Y2020,ACSPUMS5Y2020_nogroup_FHISPEEDP,2020,nogroup
FHISPEEDP,ACSPUMS5YPR2020,ACSPUMS5YPR2020_nogroup_FHISPEEDP,2020,nogroup
FHOTWATP,ACSPUMS5YPR2020,ACSPUMS5YPR2020_nogroup_FHOTWATP,2020,nogroup
FHOTWATP,ACSPUMS5Y2020,ACSPUMS5Y2020_nogroup_FHOTWATP,2020,nogroup
FINCP,ACSPUMS5YPR2020,ACSPUMS5YPR2020_nogroup_FINCP,2020,nogroup
FINCP,ACSPUMS5Y2020,ACSPUMS5Y2020_nogroup_FINCP,2020,nogroup
FINDP,ACSPUMS5YPR2020,ACSPUMS5YPR2020_nogroup_FINDP,2020,nogroup
FINDP,ACSPUMS5Y2020,ACSPUMS5Y2020_nogroup_FINDP,2020,nogroup
FINSP,ACSPUMS5Y2020,ACSPUMS5Y2020_nogroup_FINSP,2020,nogroup
FINSP,ACSPUMS5YPR2020,ACSPUMS5YPR2020_nogroup_FINSP,2020,nogroup
FINTP,ACSPUMS5YPR2020,ACSPUMS5YPR2020_nogroup_FINTP,2020,nogroup
FINTP,ACSPUMS5Y2020,ACSPUMS5Y2020_nogroup_FINTP,2020,nogroup
FJWDP,ACSPUMS5Y2020,ACSPUMS5Y2020_nogroup_FJWDP,2020,nogroup
FJWDP,ACSPUMS5YPR2020,ACSPUMS5YPR2020_nogroup_FJWDP,2020,nogroup
FJWMNP,ACSPUMS5Y2020,ACSPUMS5Y2020_nogroup_FJWMNP,2020,nogroup
FJWMNP,ACSPUMS5YPR2020,ACSPUMS5YPR2020_nogroup_FJWMNP,2020,nogroup
FJWRIP,ACSPUMS5Y2020,ACSPUMS5Y2020_nogroup_FJWRIP,2020,nogroup
FJWRIP,ACSPUMS5YPR2020,ACSPUMS5YPR2020_nogroup_FJWRIP,2020,nogroup
FJWTRNSP,ACSPUMS5Y2020,ACSPUMS5Y2020_nogroup_FJWTRNSP,2020,nogroup
FJWTRNSP,ACSPUMS5YPR2020,ACSPUMS5YPR2020_nogroup_FJWTRNSP,2020,nogroup
FKITP,ACSPUMS5Y2020,ACSPUMS5Y2020_nogroup_FKITP,2020,nogroup
FKITP,ACSPUMS5YPR2020,ACSPUMS5YPR2020_nogroup_FKITP,2020,nogroup
FLANP,ACSPUMS5Y2020,ACSPUMS5Y2020_nogroup_FLANP,2020,nogroup
FLANP,ACSPUMS5YPR2020,ACSPUMS5YPR2020_nogroup_FLANP,2020,nogroup
FLANXP,ACSPUMS5Y2020,ACSPUMS5Y2020_nogroup_FLANXP,2020,nogroup
FLANXP,ACSPUMS5YPR2020,ACSPUMS5YPR2020_nogroup_FLANXP,2020,nogroup
FLAPTOPP,ACSPUMS5Y2020,ACSPUMS5Y2020_nogroup_FLAPTOPP,2020,nogroup
FLAPTOPP,ACSPUMS5YPR2020,ACSPUMS5YPR2020_nogroup_FLAPTOPP,2020,nogroup
FMARHDP,ACSPUMS5Y2020,ACSPUMS5Y2020_nogroup_FMARHDP,2020,nogroup
FMARHDP,ACSPUMS5YPR2020,ACSPUMS5YPR2020_nogroup_FMARHDP,2020,nogroup
FMARHMP,ACSPUMS5Y2020,ACSPUMS5Y2020_nogroup_FMARHMP,2020,nogroup
FMARHMP,ACSPUMS5YPR2020,ACSPUMS5YPR2020_nogroup_FMARHMP,2020,nogroup
FMARHTP,ACSPUMS5YPR2020,ACSPUMS5YPR2020_nogroup_FMARHTP,2020,nogroup
FMARHTP,ACSPUMS5Y2020,ACSPUMS5Y2020_nogroup_FMARHTP,2020,nogroup
FMARHWP,ACSPUMS5Y2020,ACSPUMS5Y2020_nogroup_FMARHWP,2020,nogroup
FMARHWP,ACSPUMS5YPR2020,ACSPUMS5YPR2020_nogroup_FMARHWP,2020,nogroup
FMARHYP,ACSPUMS5YPR2020,ACSPUMS5YPR2020_nogroup_FMARHYP,2020,nogroup
FMARHYP,ACSPUMS5Y2020,ACSPUMS5Y2020_nogroup_FMARHYP,2020,nogroup
FMARP,ACSPUMS5YPR2020,ACSPUMS5YPR2020_nogroup_FMARP,2020,nogroup
FMARP,ACSPUMS5Y2020,ACSPUMS5Y2020_nogroup_FMARP,2020,nogroup
FMHP,ACSPUMS5YPR2020,ACSPUMS5YPR2020_nogroup_FMHP,2020,nogroup
FMHP,ACSPUMS5Y2020,ACSPUMS5Y2020_nogroup_FMHP,2020,nogroup
FMIGP,ACSPUMS5YPR2020,ACSPUMS5YPR2020_nogroup_FMIGP,2020,nogroup
FMIGP,ACSPUMS5Y2020,ACSPUMS5Y2020_nogroup_FMIGP,2020,nogroup
FMIGSP,ACSPUMS5YPR2020,ACSPUMS5YPR2020_nogroup_FMIGSP,2020,nogroup
FMIGSP,ACSPUMS5Y2020,ACSPUMS5Y2020_nogroup_FMIGSP,2020,nogroup
FMILPP,ACSPUMS5YPR2020,ACSPUMS5YPR2020_nogroup_FMILPP,2020,nogroup
FMILPP,ACSPUMS5Y2020,ACSPUMS5Y2020_nogroup_FMILPP,2020,nogroup
FMILSP,ACSPUMS5YPR2020,ACSPUMS5YPR2020_nogroup_FMILSP,2020,nogroup
FMILSP,ACSPUMS5Y2020,ACSPUMS5Y2020_nogroup_FMILSP,2020,nogroup
FMRGIP,ACSPUMS5YPR2020,ACSPUMS5YPR2020_nogroup_FMRGIP,2020,nogroup
FMRGIP,ACSPUMS5Y2020,ACSPUMS5Y2020_nogroup_FMRGIP,2020,nogroup
FMRGP,ACSPUMS5YPR2020,ACSPUMS5YPR2020_nogroup_FMRGP,2020,nogroup
FMRGP,ACSPUMS5Y2020,ACSPUMS5Y2020_nogroup_FMRGP,2020,nogroup
FMRGTP,ACSPUMS5YPR2020,ACSPUMS5YPR2020_nogroup_FMRGTP,2020,nogroup
FMRGTP,ACSPUMS5Y2020,ACSPUMS5Y2020_nogroup_FMRGTP,2020,nogroup
FMRGXP,ACSPUMS5YPR2020,ACSPUMS5YPR2020_nogroup_FMRGXP,2020,nogroup
FMRGXP,ACSPUMS5Y2020,ACSPUMS5Y2020_nogroup_FMRGXP,2020,nogroup
FMVP,ACSPUMS5YPR2020,ACSPUMS5YPR2020_nogroup_FMVP,2020,nogroup
FMVP,ACSPUMS5Y2020,ACSPUMS5Y2020_nogroup_FMVP,2020,nogroup
FOCCP,ACSPUMS5Y2020,ACSPUMS5Y2020_nogroup_FOCCP,2020,nogroup
FOCCP,ACSPUMS5YPR2020,ACSPUMS5YPR2020_nogroup_FOCCP,2020,nogroup
FOD1P,ACSPUMS5Y2020,ACSPUMS5Y2020_nogroup_FOD1P,2020,nogroup
FOD1P,ACSPUMS5YPR2020,ACSPUMS5YPR2020_nogroup_FOD1P,2020,nogroup
FOD2P,ACSPUMS5Y2020,ACSPUMS5Y2020_nogroup_FOD2P,2020,nogroup
FOD2P,ACSPUMS5YPR2020,ACSPUMS5YPR2020_nogroup_FOD2P,2020,nogroup
FOIP,ACSPUMS5Y2020,ACSPUMS5Y2020_nogroup_FOIP,2020,nogroup
FOIP,ACSPUMS5YPR2020,ACSPUMS5YPR2020_nogroup_FOIP,2020,nogroup
FOTHSVCEXP,ACSPUMS5Y2020,ACSPUMS5Y2020_nogroup_FOTHSVCEXP,2020,nogroup
FOTHSVCEXP,ACSPUMS5YPR2020,ACSPUMS5YPR2020_nogroup_FOTHSVCEXP,2020,nogroup
FPAP,ACSPUMS5Y2020,ACSPUMS5Y2020_nogroup_FPAP,2020,nogroup
FPAP,ACSPUMS5YPR2020,ACSPUMS5YPR2020_nogroup_FPAP,2020,nogroup
FPARC,ACSPUMS5Y2020,ACSPUMS5Y2020_nogroup_FPARC,2020,nogroup
FPARC,ACSPUMS5YPR2020,ACSPUMS5YPR2020_nogroup_FPARC,2020,nogroup
FPERNP,ACSPUMS5Y2020,ACSPUMS5Y2020_nogroup_FPERNP,2020,nogroup
FPERNP,ACSPUMS5YPR2020,ACSPUMS5YPR2020_nogroup_FPERNP,2020,nogroup
FPINCP,ACSPUMS5YPR2020,ACSPUMS5YPR2020_nogroup_FPINCP,2020,nogroup
FPINCP,ACSPUMS5Y2020,ACSPUMS5Y2020_nogroup_FPINCP,2020,nogroup
FPLMP,ACSPUMS5YPR2020,ACSPUMS5YPR2020_nogroup_FPLMP,2020,nogroup
FPLMP,ACSPUMS5Y2020,ACSPUMS5Y2020_nogroup_FPLMP,2020,nogroup
FPLMPRP,ACSPUMS5Y2020,ACSPUMS5Y2020_nogroup_FPLMPRP,2020,nogroup
FPLMPRP,ACSPUMS5YPR2020,ACSPUMS5YPR2020_nogroup_FPLMPRP,2020,nogroup
FPOBP,ACSPUMS5YPR2020,ACSPUMS5YPR2020_nogroup_FPOBP,2020,nogroup
FPOBP,ACSPUMS5Y2020,ACSPUMS5Y2020_nogroup_FPOBP,2020,nogroup
FPOWSP,ACSPUMS5YPR2020,ACSPUMS5YPR2020_nogroup_FPOWSP,2020,nogroup
FPOWSP,ACSPUMS5Y2020,ACSPUMS5Y2020_nogroup_FPOWSP,2020,nogroup
FPRIVCOVP,ACSPUMS5YPR2020,ACSPUMS5YPR2020_nogroup_FPRIVCOVP,2020,nogroup
FPRIVCOVP,ACSPUMS5Y2020,ACSPUMS5Y2020_nogroup_FPRIVCOVP,2020,nogroup
FPUBCOVP,ACSPUMS5YPR2020,ACSPUMS5YPR2020_nogroup_FPUBCOVP,2020,nogroup
FPUBCOVP,ACSPUMS5Y2020,ACSPUMS5Y2020_nogroup_FPUBCOVP,2020,nogroup
FRACP,ACSPUMS5YPR2020,ACSPUMS5YPR2020_nogroup_FRACP,2020,nogroup
FRACP,ACSPUMS5Y2020,ACSPUMS5Y2020_nogroup_FRACP,2020,nogroup
FREFRP,ACSPUMS5Y2020,ACSPUMS5Y2020_nogroup_FREFRP,2020,nogroup
FREFRP,ACSPUMS5YPR2020,ACSPUMS5YPR2020_nogroup_FREFRP,2020,nogroup
FRELSHIPP,ACSPUMS5YPR2020,ACSPUMS5YPR2020_nogroup_FRELSHIPP,2020,nogroup
FRELSHIPP,ACSPUMS5Y2020,ACSPUMS5Y2020_nogroup_FRELSHIPP,2020,nogroup
FRETP,ACSPUMS5Y2020,ACSPUMS5Y2020_nogroup_FRETP,2020,nogroup
FRETP,ACSPUMS5YPR2020,ACSPUMS5YPR2020_nogroup_FRETP,2020,nogroup
FRMSP,ACSPUMS5Y2020,ACSPUMS5Y2020_nogroup_FRMSP,2020,nogroup
FRMSP,ACSPUMS5YPR2020,ACSPUMS5YPR2020_nogroup_FRMSP,2020,nogroup
FRNTMP,ACSPUMS5Y2020,ACSPUMS5Y2020_nogroup_FRNTMP,2020,nogroup
FRNTMP,ACSPUMS5YPR2020,ACSPUMS5YPR2020_nogroup_FRNTMP,2020,nogroup
FRNTP,ACSPUMS5Y2020,ACSPUMS5Y2020_nogroup_FRNTP,2020,nogroup
FRNTP,ACSPUMS5YPR2020,ACSPUMS5YPR2020_nogroup_FRNTP,2020,nogroup
FRWATP,ACSPUMS5Y2020,ACSPUMS5Y2020_nogroup_FRWATP,2020,nogroup
FRWATP,ACSPUMS5YPR2020,ACSPUMS5YPR2020_nogroup_FRWATP,2020,nogroup
FRWATPRP,ACSPUMS5YPR2020,ACSPUMS5YPR2020_nogroup_FRWATPRP,2020,nogroup
FRWATPRP,ACSPUMS5Y2020,ACSPUMS5Y2020_nogroup_FRWATPRP,2020,nogroup
FS,ACSPUMS5YPR2020,ACSPUMS5YPR2020_nogroup_FS,2020,nogroup
FS,ACSPUMS5Y2020,ACSPUMS5Y2020_nogroup_FS,2020,nogroup
FSATELLITEP,ACSPUMS5YPR2020,ACSPUMS5YPR2020_nogroup_FSATELLITEP,2020,nogroup
FSATELLITEP,ACSPUMS5Y2020,ACSPUMS5Y2020_nogroup_FSATELLITEP,2020,nogroup
FSCHGP,ACSPUMS5Y2020,ACSPUMS5Y2020_nogroup_FSCHGP,2020,nogroup
FSCHGP,ACSPUMS5YPR2020,ACSPUMS5YPR2020_nogroup_FSCHGP,2020,nogroup
FSCHLP,ACSPUMS5YPR2020,ACSPUMS5YPR2020_nogroup_FSCHLP,2020,nogroup
FSCHLP,ACSPUMS5Y2020,ACSPUMS5Y2020_nogroup_FSCHLP,2020,nogroup
FSCHP,ACSPUMS5YPR2020,ACSPUMS5YPR2020_nogroup_FSCHP,2020,nogroup
FSCHP,ACSPUMS5Y2020,ACSPUMS5Y2020_nogroup_FSCHP,2020,nogroup
FSEMP,ACSPUMS5YPR2020,ACSPUMS5YPR2020_nogroup_FSEMP,2020,nogroup
FSEMP,ACSPUMS5Y2020,ACSPUMS5Y2020_nogroup_FSEMP,2020,nogroup
FSEXP,ACSPUMS5Y2020,ACSPUMS5Y2020_nogroup_FSEXP,2020,nogroup
FSEXP,ACSPUMS5YPR2020,ACSPUMS5YPR2020_nogroup_FSEXP,2020,nogroup
FSINKP,ACSPUMS5YPR2020,ACSPUMS5YPR2020_nogroup_FSINKP,2020,nogroup
FSINKP,ACSPUMS5Y2020,ACSPUMS5Y2020_nogroup_FSINKP,2020,nogroup
FSMARTPHONP,ACSPUMS5YPR2020,ACSPUMS5YPR2020_nogroup_FSMARTPHONP,2020,nogroup
FSMARTPHONP,ACSPUMS5Y2020,ACSPUMS5Y2020_nogroup_FSMARTPHONP,2020,nogroup
FSMOCP,ACSPUMS5YPR2020,ACSPUMS5YPR2020_nogroup_FSMOCP,2020,nogroup
FSMOCP,ACSPUMS5Y2020,ACSPUMS5Y2020_nogroup_FSMOCP,2020,nogroup
FSMP,ACSPUMS5YPR2020,ACSPUMS5YPR2020_nogroup_FSMP,2020,nogroup
FSMP,ACSPUMS5Y2020,ACSPUMS5Y2020_nogroup_FSMP,2020,nogroup
FSMXHP,ACSPUMS5YPR2020,ACSPUMS5YPR2020_nogroup_FSMXHP,2020,nogroup
FSMXHP,ACSPUMS5Y2020,ACSPUMS5Y2020_nogroup_FSMXHP,2020,nogroup
FSMXSP,ACSPUMS5YPR2020,ACSPUMS5YPR2020_nogroup_FSMXSP,2020,nogroup
FSMXSP,ACSPUMS5Y2020,ACSPUMS5Y2020_nogroup_FSMXSP,2020,nogroup
FSSIP,ACSPUMS5Y2020,ACSPUMS5Y2020_nogroup_FSSIP,2020,nogroup
FSSIP,ACSPUMS5YPR2020,ACSPUMS5YPR2020_nogroup_FSSIP,2020,nogroup
FSSP,ACSPUMS5Y2020,ACSPUMS5Y2020_nogroup_FSSP,2020,nogroup
FSSP,ACSPUMS5YPR2020,ACSPUMS5YPR2020_nogroup_FSSP,2020,nogroup
FSTOVP,ACSPUMS5Y2020,ACSPUMS5Y2020_nogroup_FSTOVP,2020,nogroup
FSTOVP,ACSPUMS5YPR2020,ACSPUMS5YPR2020_nogroup_FSTOVP,2020,nogroup
FTABLETP,ACSPUMS5YPR2020,ACSPUMS5YPR2020_nogroup_FTABLETP,2020,nogroup
FTABLETP,ACSPUMS5Y2020,ACSPUMS5Y2020_nogroup_FTABLETP,2020,nogroup
FTAXP,ACSPUMS5YPR2020,ACSPUMS5YPR2020_nogroup_FTAXP,2020,nogroup
FTAXP,ACSPUMS5Y2020,ACSPUMS5Y2020_nogroup_FTAXP,2020,nogroup
FTELP,ACSPUMS5YPR2020,ACSPUMS5YPR2020_nogroup_FTELP,2020,nogroup
FTELP,ACSPUMS5Y2020,ACSPUMS5Y2020_nogroup_FTELP,2020,nogroup
FTENP,ACSPUMS5Y2020,ACSPUMS5Y2020_nogroup_FTENP,2020,nogroup
FTENP,ACSPUMS5YPR2020,ACSPUMS5YPR2020_nogroup_FTENP,2020,nogroup
FULFP,ACSPUMS5YPR2020,ACSPUMS5YPR2020_nogroup_FULFP,2020,nogroup
FULFP,ACSPUMS5Y2020,ACSPUMS5Y2020_nogroup_FULFP,2020,nogroup
FULP,ACSPUMS5Y2020,ACSPUMS5Y2020_nogroup_FULP,2020,nogroup
FULP,ACSPUMS5YPR2020,ACSPUMS5YPR2020_nogroup_FULP,2020,nogroup
FVACSP,ACSPUMS5Y2020,ACSPUMS5Y2020_nogroup_FVACSP,2020,nogroup
FVACSP,ACSPUMS5YPR2020,ACSPUMS5YPR2020_nogroup_FVACSP,2020,nogroup
FVALP,ACSPUMS5YPR2020,ACSPUMS5YPR2020_nogroup_FVALP,2020,nogroup
FVALP,ACSPUMS5Y2020,ACSPUMS5Y2020_nogroup_FVALP,2020,nogroup
FVEHP,ACSPUMS5YPR2020,ACSPUMS5YPR2020_nogroup_FVEHP,2020,nogroup
FVEHP,ACSPUMS5Y2020,ACSPUMS5Y2020_nogroup_FVEHP,2020,nogroup
FWAGP,ACSPUMS5YPR2020,ACSPUMS5YPR2020_nogroup_FWAGP,2020,nogroup
FWAGP,ACSPUMS5Y2020,ACSPUMS5Y2020_nogroup_FWAGP,2020,nogroup
FWATP,ACSPUMS5Y2020,ACSPUMS5Y2020_nogroup_FWATP,2020,nogroup
FWATP,ACSPUMS5YPR2020,ACSPUMS5YPR2020_nogroup_FWATP,2020,nogroup
FWKHP,ACSPUMS5Y2020,ACSPUMS5Y2020_nogroup_FWKHP,2020,nogroup
FWKHP,ACSPUMS5YPR2020,ACSPUMS5YPR2020_nogroup_FWKHP,2020,nogroup
FWKLP,ACSPUMS5Y2020,ACSPUMS5Y2020_nogroup_FWKLP,2020,nogroup
FWKLP,ACSPUMS5YPR2020,ACSPUMS5YPR2020_nogroup_FWKLP,2020,nogroup
FWKWNP,ACSPUMS5Y2020,ACSPUMS5Y2020_nogroup_FWKWNP,2020,nogroup
FWKWNP,ACSPUMS5YPR2020,ACSPUMS5YPR2020_nogroup_FWKWNP,2020,nogroup
FWKWP,ACSPUMS5YPR2020,ACSPUMS5YPR2020_nogroup_FWKWP,2020,nogroup
FWKWP,ACSPUMS5Y2020,ACSPUMS5Y2020_nogroup_FWKWP,2020,nogroup
FWRKP,ACSPUMS5Y2020,ACSPUMS5Y2020_nogroup_FWRKP,2020,nogroup
FWRKP,ACSPUMS5YPR2020,ACSPUMS5YPR2020_nogroup_FWRKP,2020,nogroup
FYBLP,ACSPUMS5Y2020,ACSPUMS5Y2020_nogroup_FYBLP,2020,nogroup
FYBLP,ACSPUMS5YPR2020,ACSPUMS5YPR2020_nogroup_FYBLP,2020,nogroup
FYOEP,ACSPUMS5Y2020,ACSPUMS5Y2020_nogroup_FYOEP,2020,nogroup
FYOEP,ACSPUMS5YPR2020,ACSPUMS5YPR2020_nogroup_FYOEP,2020,nogroup
GASFP,ACSPUMS5Y2020,ACSPUMS5Y2020_nogroup_GASFP,2020,nogroup
GASFP,ACSPUMS5YPR2020,ACSPUMS5YPR2020_nogroup_GASFP,2020,nogroup
GASP,ACSPUMS5YPR2020,ACSPUMS5YPR2020_nogroup_GASP,2020,nogroup
GASP,ACSPUMS5Y2020,ACSPUMS5Y2020_nogroup_GASP,2020,nogroup
GCL,ACSPUMS5YPR2020,ACSPUMS5YPR2020_nogroup_GCL,2020,nogroup
GCL,ACSPUMS5Y2020,ACSPUMS5Y2020_nogroup_GCL,2020,nogroup
GCM,ACSPUMS5YPR2020,ACSPUMS5YPR2020_nogroup_GCM,2020,nogroup
GCM,ACSPUMS5Y2020,ACSPUMS5Y2020_nogroup_GCM,2020,nogroup
GCR,ACSPUMS5YPR2020,ACSPUMS5YPR2020_nogroup_GCR,2020,nogroup
GCR,ACSPUMS5Y2020,ACSPUMS5Y2020_nogroup_GCR,2020,nogroup
GEOCOMP,ACSDT5Y2020,ACSDT5Y2020_nogroup_GEOCOMP,2020,nogroup
GEOCOMP,ACSCP5Y2020,ACSCP5Y2020_nogroup_GEOCOMP,2020,nogroup
GEOCOMP,ACSDP5Y2020,ACSDP5Y2020_nogroup_GEOCOMP,2020,nogroup
GEOCOMP,ACSST5Y2020,ACSST5Y2020_nogroup_GEOCOMP,2020,nogroup
GRNTP,ACSPUMS5YPR2020,ACSPUMS5YPR2020_nogroup_GRNTP,2020,nogroup
GRNTP,ACSPUMS5Y2020,ACSPUMS5Y2020_nogroup_GRNTP,2020,nogroup
GRPIP,ACSPUMS5YPR2020,ACSPUMS5YPR2020_nogroup_GRPIP,2020,nogroup
GRPIP,ACSPUMS5Y2020,ACSPUMS5Y2020_nogroup_GRPIP,2020,nogroup
HFL,ACSPUMS5YPR2020,ACSPUMS5YPR2020_nogroup_HFL,2020,nogroup
HFL,ACSPUMS5Y2020,ACSPUMS5Y2020_nogroup_HFL,2020,nogroup
HHL,ACSPUMS5Y2020,ACSPUMS5Y2020_nogroup_HHL,2020,nogroup
HHL,ACSPUMS5YPR2020,ACSPUMS5YPR2020_nogroup_HHL,2020,nogroup
HHT,ACSPUMS5YPR2020,ACSPUMS5YPR2020_nogroup_HHT,2020,nogroup
HHT,ACSPUMS5Y2020,ACSPUMS5Y2020_nogroup_HHT,2020,nogroup
HHT2,ACSPUMS5YPR2020,ACSPUMS5YPR2020_nogroup_HHT2,2020,nogroup
HHT2,ACSPUMS5Y2020,ACSPUMS5Y2020_nogroup_HHT2,2020,nogroup
HICOV,ACSPUMS5Y2020,ACSPUMS5Y2020_nogroup_HICOV,2020,nogroup
HICOV,ACSPUMS5YPR2020,ACSPUMS5YPR2020_nogroup_HICOV,2020,nogroup
HINCP,ACSPUMS5YPR2020,ACSPUMS5YPR2020_nogroup_HINCP,2020,nogroup
HINCP,ACSPUMS5Y2020,ACSPUMS5Y2020_nogroup_HINCP,2020,nogroup
HINS1,ACSPUMS5YPR2020,ACSPUMS5YPR2020_nogroup_HINS1,2020,nogroup
HINS1,ACSPUMS5Y2020,ACSPUMS5Y2020_nogroup_HINS1,2020,nogroup
HINS2,ACSPUMS5Y2020,ACSPUMS5Y2020_nogroup_HINS2,2020,nogroup
HINS2,ACSPUMS5YPR2020,ACSPUMS5YPR2020_nogroup_HINS2,2020,nogroup
HINS3,ACSPUMS5Y2020,ACSPUMS5Y2020_nogroup_HINS3,2020,nogroup
HINS3,ACSPUMS5YPR2020,ACSPUMS5YPR2020_nogroup_HINS3,2020,nogroup
HINS4,ACSPUMS5YPR2020,ACSPUMS5YPR2020_nogroup_HINS4,2020,nogroup
HINS4,ACSPUMS5Y2020,ACSPUMS5Y2020_nogroup_HINS4,2020,nogroup
HINS5,ACSPUMS5YPR2020,ACSPUMS5YPR2020_nogroup_HINS5,2020,nogroup
HINS5,ACSPUMS5Y2020,ACSPUMS5Y2020_nogroup_HINS5,2020,nogroup
HINS6,ACSPUMS5Y2020,ACSPUMS5Y2020_nogroup_HINS6,2020,nogroup
HINS6,ACSPUMS5YPR2020,ACSPUMS5YPR2020_nogroup_HINS6,2020,nogroup
HINS7,ACSPUMS5YPR2020,ACSPUMS5YPR2020_nogroup_HINS7,2020,nogroup
HINS7,ACSPUMS5Y2020,ACSPUMS5Y2020_nogroup_HINS7,2020,nogroup
HISP,ACSPUMS5YPR2020,ACSPUMS5YPR2020_nogroup_HISP,2020,nogroup
HISP,ACSPUMS5Y2020,ACSPUMS5Y2020_nogroup_HISP,2020,nogroup
HISPEED,ACSPUMS5Y2020,ACSPUMS5Y2020_nogroup_HISPEED,2020,nogroup
HISPEED,ACSPUMS5YPR2020,ACSPUMS5YPR2020_nogroup_HISPEED,2020,nogroup
HOTWAT,ACSPUMS5YPR2020,ACSPUMS5YPR2020_nogroup_HOTWAT,2020,nogroup
HOTWAT,ACSPUMS5Y2020,ACSPUMS5Y2020_nogroup_HOTWAT,2020,nogroup
HUGCL,ACSPUMS5YPR2020,ACSPUMS5YPR2020_nogroup_HUGCL,2020,nogroup
HUGCL,ACSPUMS5Y2020,ACSPUMS5Y2020_nogroup_HUGCL,2020,nogroup
HUPAC,ACSPUMS5YPR2020,ACSPUMS5YPR2020_nogroup_HUPAC,2020,nogroup
HUPAC,ACSPUMS5Y2020,ACSPUMS5Y2020_nogroup_HUPAC,2020,nogroup
HUPAOC,ACSPUMS5Y2020,ACSPUMS5Y2020_nogroup_HUPAOC,2020,nogroup
HUPAOC,ACSPUMS5YPR2020,ACSPUMS5YPR2020_nogroup_HUPAOC,2020,nogroup
HUPARC,ACSPUMS5Y2020,ACSPUMS5Y2020_nogroup_HUPARC,2020,nogroup
HUPARC,ACSPUMS5YPR2020,ACSPUMS5YPR2020_nogroup_HUPARC,2020,nogroup
INDP,ACSPUMS5Y2020,ACSPUMS5Y2020_nogroup_INDP,2020,nogroup
INDP,ACSPUMS5YPR2020,ACSPUMS5YPR2020_nogroup_INDP,2020,nogroup
INSP,ACSPUMS5YPR2020,ACSPUMS5YPR2020_nogroup_INSP,2020,nogroup
INSP,ACSPUMS5Y2020,ACSPUMS5Y2020_nogroup_INSP,2020,nogroup
INTP,ACSPUMS5YPR2020,ACSPUMS5YPR2020_nogroup_INTP,2020,nogroup
INTP,ACSPUMS5Y2020,ACSPUMS5Y2020_nogroup_INTP,2020,nogroup
JWAP,ACSPUMS5Y2020,ACSPUMS5Y2020_nogroup_JWAP,2020,nogroup
JWAP,ACSPUMS5YPR2020,ACSPUMS5YPR2020_nogroup_JWAP,2020,nogroup
JWDP,ACSPUMS5YPR2020,ACSPUMS5YPR2020_nogroup_JWDP,2020,nogroup
JWDP,ACSPUMS5Y2020,ACSPUMS5Y2020_nogroup_JWDP,2020,nogroup
JWMNP,ACSPUMS5YPR2020,ACSPUMS5YPR2020_nogroup_JWMNP,2020,nogroup
JWMNP,ACSPUMS5Y2020,ACSPUMS5Y2020_nogroup_JWMNP,2020,nogroup
JWRIP,ACSPUMS5YPR2020,ACSPUMS5YPR2020_nogroup_JWRIP,2020,nogroup
JWRIP,ACSPUMS5Y2020,ACSPUMS5Y2020_nogroup_JWRIP,2020,nogroup
JWTRNS,ACSPUMS5Y2020,ACSPUMS5Y2020_nogroup_JWTRNS,2020,nogroup
JWTRNS,ACSPUMS5YPR2020,ACSPUMS5YPR2020_nogroup_JWTRNS,2020,nogroup
KIT,ACSPUMS5Y2020,ACSPUMS5Y2020_nogroup_KIT,2020,nogroup
KIT,ACSPUMS5YPR2020,ACSPUMS5YPR2020_nogroup_KIT,2020,nogroup
LANP,ACSPUMS5Y2020,ACSPUMS5Y2020_nogroup_LANP,2020,nogroup
LANP,ACSPUMS5YPR2020,ACSPUMS5YPR2020_nogroup_LANP,2020,nogroup
LANX,ACSPUMS5Y2020,ACSPUMS5Y2020_nogroup_LANX,2020,nogroup
LANX,ACSPUMS5YPR2020,ACSPUMS5YPR2020_nogroup_LANX,2020,nogroup
LAPTOP,ACSPUMS5Y2020,ACSPUMS5Y2020_nogroup_LAPTOP,2020,nogroup
LAPTOP,ACSPUMS5YPR2020,ACSPUMS5YPR2020_nogroup_LAPTOP,2020,nogroup
LNGI,ACSPUMS5YPR2020,ACSPUMS5YPR2020_nogroup_LNGI,2020,nogroup
LNGI,ACSPUMS5Y2020,ACSPUMS5Y2020_nogroup_LNGI,2020,nogroup
MAR,ACSPUMS5Y2020,ACSPUMS5Y2020_nogroup_MAR,2020,nogroup
MAR,ACSPUMS5YPR2020,ACSPUMS5YPR2020_nogroup_MAR,2020,nogroup
MARHD,ACSPUMS5Y2020,ACSPUMS5Y2020_nogroup_MARHD,2020,nogroup
MARHD,ACSPUMS5YPR2020,ACSPUMS5YPR2020_nogroup_MARHD,2020,nogroup
MARHM,ACSPUMS5Y2020,ACSPUMS5Y2020_nogroup_MARHM,2020,nogroup
MARHM,ACSPUMS5YPR2020,ACSPUMS5YPR2020_nogroup_MARHM,2020,nogroup
MARHT,ACSPUMS5YPR2020,ACSPUMS5YPR2020_nogroup_MARHT,2020,nogroup
MARHT,ACSPUMS5Y2020,ACSPUMS5Y2020_nogroup_MARHT,2020,nogroup
MARHW,ACSPUMS5Y2020,ACSPUMS5Y2020_nogroup_MARHW,2020,nogroup
MARHW,ACSPUMS5YPR2020,ACSPUMS5YPR2020_nogroup_MARHW,2020,nogroup
MARHYP,ACSPUMS5Y2020,ACSPUMS5Y2020_nogroup_MARHYP,2020,nogroup
MARHYP,ACSPUMS5YPR2020,ACSPUMS5YPR2020_nogroup_MARHYP,2020,nogroup
METDIV,ACSDT5Y2020,ACSDT5Y2020_nogroup_METDIV,2020,nogroup
METDIV,ACSDP5Y2020,ACSDP5Y2020_nogroup_METDIV,2020,nogroup
METDIV,ACSST5Y2020,ACSST5Y2020_nogroup_METDIV,2020,nogroup
MHP,ACSPUMS5Y2020,ACSPUMS5Y2020_nogroup_MHP,2020,nogroup
MHP,ACSPUMS5YPR2020,ACSPUMS5YPR2020_nogroup_MHP,2020,nogroup
MIG,ACSPUMS5Y2020,ACSPUMS5Y2020_nogroup_MIG,2020,nogroup
MIG,ACSPUMS5YPR2020,ACSPUMS5YPR2020_nogroup_MIG,2020,nogroup
MIGPUMA,ACSPUMS5Y2020,ACSPUMS5Y2020_nogroup_MIGPUMA,2020,nogroup
MIGPUMA,ACSPUMS5YPR2020,ACSPUMS5YPR2020_nogroup_MIGPUMA,2020,nogroup
MIGSP,ACSPUMS5YPR2020,ACSPUMS5YPR2020_nogroup_MIGSP,2020,nogroup
MIGSP,ACSPUMS5Y2020,ACSPUMS5Y2020_nogroup_MIGSP,2020,nogroup
MIL,ACSPUMS5Y2020,ACSPUMS5Y2020_nogroup_MIL,2020,nogroup
MIL,ACSPUMS5YPR2020,ACSPUMS5YPR2020_nogroup_MIL,2020,nogroup
MLPA,ACSPUMS5Y2020,ACSPUMS5Y2020_nogroup_MLPA,2020,nogroup
MLPA,ACSPUMS5YPR2020,ACSPUMS5YPR2020_nogroup_MLPA,2020,nogroup
MLPB,ACSPUMS5Y2020,ACSPUMS5Y2020_nogroup_MLPB,2020,nogroup
MLPB,ACSPUMS5YPR2020,ACSPUMS5YPR2020_nogroup_MLPB,2020,nogroup
MLPCD,ACSPUMS5Y2020,ACSPUMS5Y2020_nogroup_MLPCD,2020,nogroup
MLPCD,ACSPUMS5YPR2020,ACSPUMS5YPR2020_nogroup_MLPCD,2020,nogroup
MLPE,ACSPUMS5Y2020,ACSPUMS5Y2020_nogroup_MLPE,2020,nogroup
MLPE,ACSPUMS5YPR2020,ACSPUMS5YPR2020_nogroup_MLPE,2020,nogroup
MLPFG,ACSPUMS5Y2020,ACSPUMS5Y2020_nogroup_MLPFG,2020,nogroup
MLPFG,ACSPUMS5YPR2020,ACSPUMS5YPR2020_nogroup_MLPFG,2020,nogroup
MLPH,ACSPUMS5YPR2020,ACSPUMS5YPR2020_nogroup_MLPH,2020,nogroup
MLPH,ACSPUMS5Y2020,ACSPUMS5Y2020_nogroup_MLPH,2020,nogroup
MLPI,ACSPUMS5Y2020,ACSPUMS5Y2020_nogroup_MLPI,2020,nogroup
MLPI,ACSPUMS5YPR2020,ACSPUMS5YPR2020_nogroup_MLPI,2020,nogroup
MLPJ,ACSPUMS5YPR2020,ACSPUMS5YPR2020_nogroup_MLPJ,2020,nogroup
MLPJ,ACSPUMS5Y2020,ACSPUMS5Y2020_nogroup_MLPJ,2020,nogroup
MLPK,ACSPUMS5Y2020,ACSPUMS5Y2020_nogroup_MLPK,2020,nogroup
MLPK,ACSPUMS5YPR2020,ACSPUMS5YPR2020_nogroup_MLPK,2020,nogroup
MRGI,ACSPUMS5Y2020,ACSPUMS5Y2020_nogroup_MRGI,2020,nogroup
MRGI,ACSPUMS5YPR2020,ACSPUMS5YPR2020_nogroup_MRGI,2020,nogroup
MRGP,ACSPUMS5Y2020,ACSPUMS5Y2020_nogroup_MRGP,2020,nogroup
MRGP,ACSPUMS5YPR2020,ACSPUMS5YPR2020_nogroup_MRGP,2020,nogroup
MRGT,ACSPUMS5Y2020,ACSPUMS5Y2020_nogroup_MRGT,2020,nogroup
MRGT,ACSPUMS5YPR2020,ACSPUMS5YPR2020_nogroup_MRGT,2020,nogroup
MRGX,ACSPUMS5YPR2020,ACSPUMS5YPR2020_nogroup_MRGX,2020,nogroup
MRGX,ACSPUMS5Y2020,ACSPUMS5Y2020_nogroup_MRGX,2020,nogroup
MSP,ACSPUMS5YPR2020,ACSPUMS5YPR2020_nogroup_MSP,2020,nogroup
MSP,ACSPUMS5Y2020,ACSPUMS5Y2020_nogroup_MSP,2020,nogroup
MULTG,ACSPUMS5Y2020,ACSPUMS5Y2020_nogroup_MULTG,2020,nogroup
MULTG,ACSPUMS5YPR2020,ACSPUMS5YPR2020_nogroup_MULTG,2020,nogroup
MV,ACSPUMS5YPR2020,ACSPUMS5YPR2020_nogroup_MV,2020,nogroup
MV,ACSPUMS5Y2020,ACSPUMS5Y2020_nogroup_MV,2020,nogroup
NAICSP,ACSPUMS5YPR2020,ACSPUMS5YPR2020_nogroup_NAICSP,2020,nogroup
NAICSP,ACSPUMS5Y2020,ACSPUMS5Y2020_nogroup_NAICSP,2020,nogroup
NATION,ACSCP5Y2020,ACSCP5Y2020_nogroup_NATION,2020,nogroup
NATION,ACSDP5Y2020,ACSDP5Y2020_nogroup_NATION,2020,nogroup
NATION,ACSDT5Y2020,ACSDT5Y2020_nogroup_NATION,2020,nogroup
NATION,ACSST5Y2020,ACSST5Y2020_nogroup_NATION,2020,nogroup
NATIVITY,ACSPUMS5Y2020,ACSPUMS5Y2020_nogroup_NATIVITY,2020,nogroup
NATIVITY,ACSPUMS5YPR2020,ACSPUMS5YPR2020_nogroup_NATIVITY,2020,nogroup
NECTA,ACSDP5Y2020,ACSDP5Y2020_nogroup_NECTA,2020,nogroup
NECTA,ACSDT5Y2020,ACSDT5Y2020_nogroup_NECTA,2020,nogroup
NECTA,ACSST5Y2020,ACSST5Y2020_nogroup_NECTA,2020,nogroup
NECTADIV,ACSDP5Y2020,ACSDP5Y2020_nogroup_NECTADIV,2020,nogroup
NECTADIV,ACSST5Y2020,ACSST5Y2020_nogroup_NECTADIV,2020,nogroup
NECTADIV,ACSDT5Y2020,ACSDT5Y2020_nogroup_NECTADIV,2020,nogroup
NOC,ACSPUMS5Y2020,ACSPUMS5Y2020_nogroup_NOC,2020,nogroup
NOC,ACSPUMS5YPR2020,ACSPUMS5YPR2020_nogroup_NOC,2020,nogroup
NOP,ACSPUMS5YPR2020,ACSPUMS5YPR2020_nogroup_NOP,2020,nogroup
NOP,ACSPUMS5Y2020,ACSPUMS5Y2020_nogroup_NOP,2020,nogroup
NP,ACSPUMS5Y2020,ACSPUMS5Y2020_nogroup_NP,2020,nogroup
NP,ACSPUMS5YPR2020,ACSPUMS5YPR2020_nogroup_NP,2020,nogroup
NPF,ACSPUMS5Y2020,ACSPUMS5Y2020_nogroup_NPF,2020,nogroup
NPF,ACSPUMS5YPR2020,ACSPUMS5YPR2020_nogroup_NPF,2020,nogroup
NPP,ACSPUMS5Y2020,ACSPUMS5Y2020_nogroup_NPP,2020,nogroup
NPP,ACSPUMS5YPR2020,ACSPUMS5YPR2020_nogroup_NPP,2020,nogroup
NR,ACSPUMS5Y2020,ACSPUMS5Y2020_nogroup_NR,2020,nogroup
NR,ACSPUMS5YPR2020,ACSPUMS5YPR2020_nogroup_NR,2020,nogroup
NRC,ACSPUMS5Y2020,ACSPUMS5Y2020_nogroup_NRC,2020,nogroup
NRC,ACSPUMS5YPR2020,ACSPUMS5YPR2020_nogroup_NRC,2020,nogroup
NWAB,ACSPUMS5Y2020,ACSPUMS5Y2020_nogroup_NWAB,2020,nogroup
NWAB,ACSPUMS5YPR2020,ACSPUMS5YPR2020_nogroup_NWAB,2020,nogroup
NWAV,ACSPUMS5Y2020,ACSPUMS5Y2020_nogroup_NWAV,2020,nogroup
NWAV,ACSPUMS5YPR2020,ACSPUMS5YPR2020_nogroup_NWAV,2020,nogroup
NWLA,ACSPUMS5YPR2020,ACSPUMS5YPR2020_nogroup_NWLA,2020,nogroup
NWLA,ACSPUMS5Y2020,ACSPUMS5Y2020_nogroup_NWLA,2020,nogroup
NWLK,ACSPUMS5Y2020,ACSPUMS5Y2020_nogroup_NWLK,2020,nogroup
NWLK,ACSPUMS5YPR2020,ACSPUMS5YPR2020_nogroup_NWLK,2020,nogroup
NWRE,ACSPUMS5YPR2020,ACSPUMS5YPR2020_nogroup_NWRE,2020,nogroup
NWRE,ACSPUMS5Y2020,ACSPUMS5Y2020_nogroup_NWRE,2020,nogroup
OC,ACSPUMS5YPR2020,ACSPUMS5YPR2020_nogroup_OC,2020,nogroup
OC,ACSPUMS5Y2020,ACSPUMS5Y2020_nogroup_OC,2020,nogroup
OCCP,ACSPUMS5YPR2020,ACSPUMS5YPR2020_nogroup_OCCP,2020,nogroup
OCCP,ACSPUMS5Y2020,ACSPUMS5Y2020_nogroup_OCCP,2020,nogroup
OCPIP,ACSPUMS5Y2020,ACSPUMS5Y2020_nogroup_OCPIP,2020,nogroup
OCPIP,ACSPUMS5YPR2020,ACSPUMS5YPR2020_nogroup_OCPIP,2020,nogroup
OIP,ACSPUMS5YPR2020,ACSPUMS5YPR2020_nogroup_OIP,2020,nogroup
OIP,ACSPUMS5Y2020,ACSPUMS5Y2020_nogroup_OIP,2020,nogroup
OTHSVCEX,ACSPUMS5Y2020,ACSPUMS5Y2020_nogroup_OTHSVCEX,2020,nogroup
OTHSVCEX,ACSPUMS5YPR2020,ACSPUMS5YPR2020_nogroup_OTHSVCEX,2020,nogroup
PAOC,ACSPUMS5Y2020,ACSPUMS5Y2020_nogroup_PAOC,2020,nogroup
PAOC,ACSPUMS5YPR2020,ACSPUMS5YPR2020_nogroup_PAOC,2020,nogroup
PAP,ACSPUMS5Y2020,ACSPUMS5Y2020_nogroup_PAP,2020,nogroup
PAP,ACSPUMS5YPR2020,ACSPUMS5YPR2020_nogroup_PAP,2020,nogroup
PARTNER,ACSPUMS5YPR2020,ACSPUMS5YPR2020_nogroup_PARTNER,2020,nogroup
PARTNER,ACSPUMS5Y2020,ACSPUMS5Y2020_nogroup_PARTNER,2020,nogroup
PERNP,ACSPUMS5Y2020,ACSPUMS5Y2020_nogroup_PERNP,2020,nogroup
PERNP,ACSPUMS5YPR2020,ACSPUMS5YPR2020_nogroup_PERNP,2020,nogroup
PINCP,ACSPUMS5Y2020,ACSPUMS5Y2020_nogroup_PINCP,2020,nogroup
PINCP,ACSPUMS5YPR2020,ACSPUMS5YPR2020_nogroup_PINCP,2020,nogroup
PLACE,ACSST5Y2020,ACSST5Y2020_nogroup_PLACE,2020,nogroup
PLACE,ACSCP5Y2020,ACSCP5Y2020_nogroup_PLACE,2020,nogroup
PLACE,ACSDP5Y2020,ACSDP5Y2020_nogroup_PLACE,2020,nogroup
PLACE,ACSDT5Y2020,ACSDT5Y2020_nogroup_PLACE,2020,nogroup
PLM,ACSPUMS5YPR2020,ACSPUMS5YPR2020_nogroup_PLM,2020,nogroup
PLM,ACSPUMS5Y2020,ACSPUMS5Y2020_nogroup_PLM,2020,nogroup
PLMPRP,ACSPUMS5YPR2020,ACSPUMS5YPR2020_nogroup_PLMPRP,2020,nogroup
PLMPRP,ACSPUMS5Y2020,ACSPUMS5Y2020_nogroup_PLMPRP,2020,nogroup
POBP,ACSPUMS5YPR2020,ACSPUMS5YPR2020_nogroup_POBP,2020,nogroup
POBP,ACSPUMS5Y2020,ACSPUMS5Y2020_nogroup_POBP,2020,nogroup
POVPIP,ACSPUMS5YPR2020,ACSPUMS5YPR2020_nogroup_POVPIP,2020,nogroup
POVPIP,ACSPUMS5Y2020,ACSPUMS5Y2020_nogroup_POVPIP,2020,nogroup
POWPUMA,ACSPUMS5YPR2020,ACSPUMS5YPR2020_nogroup_POWPUMA,2020,nogroup
POWPUMA,ACSPUMS5Y2020,ACSPUMS5Y2020_nogroup_POWPUMA,2020,nogroup
POWSP,ACSPUMS5YPR2020,ACSPUMS5YPR2020_nogroup_POWSP,2020,nogroup
POWSP,ACSPUMS5Y2020,ACSPUMS5Y2020_nogroup_POWSP,2020,nogroup
PRINCITY,ACSDP5Y2020,ACSDP5Y2020_nogroup_PRINCITY,2020,nogroup
PRINCITY,ACSST5Y2020,ACSST5Y2020_nogroup_PRINCITY,2020,nogroup
PRINCITY,ACSDT5Y2020,ACSDT5Y2020_nogroup_PRINCITY,2020,nogroup
PRIVCOV,ACSPUMS5YPR2020,ACSPUMS5YPR2020_nogroup_PRIVCOV,2020,nogroup
PRIVCOV,ACSPUMS5Y2020,ACSPUMS5Y2020_nogroup_PRIVCOV,2020,nogroup
PSF,ACSPUMS5Y2020,ACSPUMS5Y2020_nogroup_PSF,2020,nogroup
PSF,ACSPUMS5YPR2020,ACSPUMS5YPR2020_nogroup_PSF,2020,nogroup
PUBCOV,ACSPUMS5YPR2020,ACSPUMS5YPR2020_nogroup_PUBCOV,2020,nogroup
PUBCOV,ACSPUMS5Y2020,ACSPUMS5Y2020_nogroup_PUBCOV,2020,nogroup
PUMA,ACSPUMS5Y2020,ACSPUMS5Y2020_nogroup_PUMA,2020,nogroup
PUMA,ACSST5Y2020,ACSST5Y2020_nogroup_PUMA,2020,nogroup
PUMA,ACSPUMS5YPR2020,ACSPUMS5YPR2020_nogroup_PUMA,2020,nogroup
PUMA,ACSDT5Y2020,ACSDT5Y2020_nogroup_PUMA,2020,nogroup
PUMA,ACSDP5Y2020,ACSDP5Y2020_nogroup_PUMA,2020,nogroup
PWGTP,ACSPUMS5Y2020,ACSPUMS5Y2020_nogroup_PWGTP,2020,nogroup
PWGTP,ACSPUMS5YPR2020,ACSPUMS5YPR2020_nogroup_PWGTP,2020,nogroup
PWGTP1,ACSPUMS5YPR2020,ACSPUMS5YPR2020_nogroup_PWGTP1,2020,nogroup
PWGTP1,ACSPUMS5Y2020,ACSPUMS5Y2020_nogroup_PWGTP1,2020,nogroup
PWGTP10,ACSPUMS5YPR2020,ACSPUMS5YPR2020_nogroup_PWGTP10,2020,nogroup
PWGTP10,ACSPUMS5Y2020,ACSPUMS5Y2020_nogroup_PWGTP10,2020,nogroup
PWGTP11,ACSPUMS5Y2020,ACSPUMS5Y2020_nogroup_PWGTP11,2020,nogroup
PWGTP11,ACSPUMS5YPR2020,ACSPUMS5YPR2020_nogroup_PWGTP11,2020,nogroup
PWGTP12,ACSPUMS5YPR2020,ACSPUMS5YPR2020_nogroup_PWGTP12,2020,nogroup
PWGTP12,ACSPUMS5Y2020,ACSPUMS5Y2020_nogroup_PWGTP12,2020,nogroup
PWGTP13,ACSPUMS5Y2020,ACSPUMS5Y2020_nogroup_PWGTP13,2020,nogroup
PWGTP13,ACSPUMS5YPR2020,ACSPUMS5YPR2020_nogroup_PWGTP13,2020,nogroup
PWGTP14,ACSPUMS5Y2020,ACSPUMS5Y2020_nogroup_PWGTP14,2020,nogroup
PWGTP14,ACSPUMS5YPR2020,ACSPUMS5YPR2020_nogroup_PWGTP14,2020,nogroup
PWGTP15,ACSPUMS5Y2020,ACSPUMS5Y2020_nogroup_PWGTP15,2020,nogroup
PWGTP15,ACSPUMS5YPR2020,ACSPUMS5YPR2020_nogroup_PWGTP15,2020,nogroup
PWGTP16,ACSPUMS5Y2020,ACSPUMS5Y2020_nogroup_PWGTP16,2020,nogroup
PWGTP16,ACSPUMS5YPR2020,ACSPUMS5YPR2020_nogroup_PWGTP16,2020,nogroup
PWGTP17,ACSPUMS5YPR2020,ACSPUMS5YPR2020_nogroup_PWGTP17,2020,nogroup
PWGTP17,ACSPUMS5Y2020,ACSPUMS5Y2020_nogroup_PWGTP17,2020,nogroup
PWGTP18,ACSPUMS5YPR2020,ACSPUMS5YPR2020_nogroup_PWGTP18,2020,nogroup
PWGTP18,ACSPUMS5Y2020,ACSPUMS5Y2020_nogroup_PWGTP18,2020,nogroup
PWGTP19,ACSPUMS5Y2020,ACSPUMS5Y2020_nogroup_PWGTP19,2020,nogroup
PWGTP19,ACSPUMS5YPR2020,ACSPUMS5YPR2020_nogroup_PWGTP19,2020,nogroup
PWGTP2,ACSPUMS5Y2020,ACSPUMS5Y2020_nogroup_PWGTP2,2020,nogroup
PWGTP2,ACSPUMS5YPR2020,ACSPUMS5YPR2020_nogroup_PWGTP2,2020,nogroup
PWGTP20,ACSPUMS5Y2020,ACSPUMS5Y2020_nogroup_PWGTP20,2020,nogroup
PWGTP20,ACSPUMS5YPR2020,ACSPUMS5YPR2020_nogroup_PWGTP20,2020,nogroup
PWGTP21,ACSPUMS5YPR2020,ACSPUMS5YPR2020_nogroup_PWGTP21,2020,nogroup
PWGTP21,ACSPUMS5Y2020,ACSPUMS5Y2020_nogroup_PWGTP21,2020,nogroup
PWGTP22,ACSPUMS5YPR2020,ACSPUMS5YPR2020_nogroup_PWGTP22,2020,nogroup
PWGTP22,ACSPUMS5Y2020,ACSPUMS5Y2020_nogroup_PWGTP22,2020,nogroup
PWGTP23,ACSPUMS5Y2020,ACSPUMS5Y2020_nogroup_PWGTP23,2020,nogroup
PWGTP23,ACSPUMS5YPR2020,ACSPUMS5YPR2020_nogroup_PWGTP23,2020,nogroup
PWGTP24,ACSPUMS5YPR2020,ACSPUMS5YPR2020_nogroup_PWGTP24,2020,nogroup
PWGTP24,ACSPUMS5Y2020,ACSPUMS5Y2020_nogroup_PWGTP24,2020,nogroup
PWGTP25,ACSPUMS5Y2020,ACSPUMS5Y2020_nogroup_PWGTP25,2020,nogroup
PWGTP25,ACSPUMS5YPR2020,ACSPUMS5YPR2020_nogroup_PWGTP25,2020,nogroup
PWGTP26,ACSPUMS5Y2020,ACSPUMS5Y2020_nogroup_PWGTP26,2020,nogroup
PWGTP26,ACSPUMS5YPR2020,ACSPUMS5YPR2020_nogroup_PWGTP26,2020,nogroup
PWGTP27,ACSPUMS5Y2020,ACSPUMS5Y2020_nogroup_PWGTP27,2020,nogroup
PWGTP27,ACSPUMS5YPR2020,ACSPUMS5YPR2020_nogroup_PWGTP27,2020,nogroup
PWGTP28,ACSPUMS5Y2020,ACSPUMS5Y2020_nogroup_PWGTP28,2020,nogroup
PWGTP28,ACSPUMS5YPR2020,ACSPUMS5YPR2020_nogroup_PWGTP28,2020,nogroup
PWGTP29,ACSPUMS5YPR2020,ACSPUMS5YPR2020_nogroup_PWGTP29,2020,nogroup
PWGTP29,ACSPUMS5Y2020,ACSPUMS5Y2020_nogroup_PWGTP29,2020,nogroup
PWGTP3,ACSPUMS5Y2020,ACSPUMS5Y2020_nogroup_PWGTP3,2020,nogroup
PWGTP3,ACSPUMS5YPR2020,ACSPUMS5YPR2020_nogroup_PWGTP3,2020,nogroup
PWGTP30,ACSPUMS5Y2020,ACSPUMS5Y2020_nogroup_PWGTP30,2020,nogroup
PWGTP30,ACSPUMS5YPR2020,ACSPUMS5YPR2020_nogroup_PWGTP30,2020,nogroup
PWGTP31,ACSPUMS5Y2020,ACSPUMS5Y2020_nogroup_PWGTP31,2020,nogroup
PWGTP31,ACSPUMS5YPR2020,ACSPUMS5YPR2020_nogroup_PWGTP31,2020,nogroup
PWGTP32,ACSPUMS5YPR2020,ACSPUMS5YPR2020_nogroup_PWGTP32,2020,nogroup
PWGTP32,ACSPUMS5Y2020,ACSPUMS5Y2020_nogroup_PWGTP32,2020,nogroup
PWGTP33,ACSPUMS5Y2020,ACSPUMS5Y2020_nogroup_PWGTP33,2020,nogroup
PWGTP33,ACSPUMS5YPR2020,ACSPUMS5YPR2020_nogroup_PWGTP33,2020,nogroup
PWGTP34,ACSPUMS5YPR2020,ACSPUMS5YPR2020_nogroup_PWGTP34,2020,nogroup
PWGTP34,ACSPUMS5Y2020,ACSPUMS5Y2020_nogroup_PWGTP34,2020,nogroup
PWGTP35,ACSPUMS5YPR2020,ACSPUMS5YPR2020_nogroup_PWGTP35,2020,nogroup
PWGTP35,ACSPUMS5Y2020,ACSPUMS5Y2020_nogroup_PWGTP35,2020,nogroup
PWGTP36,ACSPUMS5YPR2020,ACSPUMS5YPR2020_nogroup_PWGTP36,2020,nogroup
PWGTP36,ACSPUMS5Y2020,ACSPUMS5Y2020_nogroup_PWGTP36,2020,nogroup
PWGTP37,ACSPUMS5Y2020,ACSPUMS5Y2020_nogroup_PWGTP37,2020,nogroup
PWGTP37,ACSPUMS5YPR2020,ACSPUMS5YPR2020_nogroup_PWGTP37,2020,nogroup
PWGTP38,ACSPUMS5YPR2020,ACSPUMS5YPR2020_nogroup_PWGTP38,2020,nogroup
PWGTP38,ACSPUMS5Y2020,ACSPUMS5Y2020_nogroup_PWGTP38,2020,nogroup
PWGTP39,ACSPUMS5Y2020,ACSPUMS5Y2020_nogroup_PWGTP39,2020,nogroup
PWGTP39,ACSPUMS5YPR2020,ACSPUMS5YPR2020_nogroup_PWGTP39,2020,nogroup
PWGTP4,ACSPUMS5Y2020,ACSPUMS5Y2020_nogroup_PWGTP4,2020,nogroup
PWGTP4,ACSPUMS5YPR2020,ACSPUMS5YPR2020_nogroup_PWGTP4,2020,nogroup
PWGTP40,ACSPUMS5Y2020,ACSPUMS5Y2020_nogroup_PWGTP40,2020,nogroup
PWGTP40,ACSPUMS5YPR2020,ACSPUMS5YPR2020_nogroup_PWGTP40,2020,nogroup
PWGTP41,ACSPUMS5Y2020,ACSPUMS5Y2020_nogroup_PWGTP41,2020,nogroup
PWGTP41,ACSPUMS5YPR2020,ACSPUMS5YPR2020_nogroup_PWGTP41,2020,nogroup
PWGTP42,ACSPUMS5Y2020,ACSPUMS5Y2020_nogroup_PWGTP42,2020,nogroup
PWGTP42,ACSPUMS5YPR2020,ACSPUMS5YPR2020_nogroup_PWGTP42,2020,nogroup
PWGTP43,ACSPUMS5Y2020,ACSPUMS5Y2020_nogroup_PWGTP43,2020,nogroup
PWGTP43,ACSPUMS5YPR2020,ACSPUMS5YPR2020_nogroup_PWGTP43,2020,nogroup
PWGTP44,ACSPUMS5Y2020,ACSPUMS5Y2020_nogroup_PWGTP44,2020,nogroup
PWGTP44,ACSPUMS5YPR2020,ACSPUMS5YPR2020_nogroup_PWGTP44,2020,nogroup
PWGTP45,ACSPUMS5Y2020,ACSPUMS5Y2020_nogroup_PWGTP45,2020,nogroup
PWGTP45,ACSPUMS5YPR2020,ACSPUMS5YPR2020_nogroup_PWGTP45,2020,nogroup
PWGTP46,ACSPUMS5Y2020,ACSPUMS5Y2020_nogroup_PWGTP46,2020,nogroup
PWGTP46,ACSPUMS5YPR2020,ACSPUMS5YPR2020_nogroup_PWGTP46,2020,nogroup
PWGTP47,ACSPUMS5YPR2020,ACSPUMS5YPR2020_nogroup_PWGTP47,2020,nogroup
PWGTP47,ACSPUMS5Y2020,ACSPUMS5Y2020_nogroup_PWGTP47,2020,nogroup
PWGTP48,ACSPUMS5Y2020,ACSPUMS5Y2020_nogroup_PWGTP48,2020,nogroup
PWGTP48,ACSPUMS5YPR2020,ACSPUMS5YPR2020_nogroup_PWGTP48,2020,nogroup
PWGTP49,ACSPUMS5Y2020,ACSPUMS5Y2020_nogroup_PWGTP49,2020,nogroup
PWGTP49,ACSPUMS5YPR2020,ACSPUMS5YPR2020_nogroup_PWGTP49,2020,nogroup
PWGTP5,ACSPUMS5Y2020,ACSPUMS5Y2020_nogroup_PWGTP5,2020,nogroup
PWGTP5,ACSPUMS5YPR2020,ACSPUMS5YPR2020_nogroup_PWGTP5,2020,nogroup
PWGTP50,ACSPUMS5YPR2020,ACSPUMS5YPR2020_nogroup_PWGTP50,2020,nogroup
PWGTP50,ACSPUMS5Y2020,ACSPUMS5Y2020_nogroup_PWGTP50,2020,nogroup
PWGTP51,ACSPUMS5YPR2020,ACSPUMS5YPR2020_nogroup_PWGTP51,2020,nogroup
PWGTP51,ACSPUMS5Y2020,ACSPUMS5Y2020_nogroup_PWGTP51,2020,nogroup
PWGTP52,ACSPUMS5YPR2020,ACSPUMS5YPR2020_nogroup_PWGTP52,2020,nogroup
PWGTP52,ACSPUMS5Y2020,ACSPUMS5Y2020_nogroup_PWGTP52,2020,nogroup
PWGTP53,ACSPUMS5Y2020,ACSPUMS5Y2020_nogroup_PWGTP53,2020,nogroup
PWGTP53,ACSPUMS5YPR2020,ACSPUMS5YPR2020_nogroup_PWGTP53,2020,nogroup
PWGTP54,ACSPUMS5Y2020,ACSPUMS5Y2020_nogroup_PWGTP54,2020,nogroup
PWGTP54,ACSPUMS5YPR2020,ACSPUMS5YPR2020_nogroup_PWGTP54,2020,nogroup
PWGTP55,ACSPUMS5YPR2020,ACSPUMS5YPR2020_nogroup_PWGTP55,2020,nogroup
PWGTP55,ACSPUMS5Y2020,ACSPUMS5Y2020_nogroup_PWGTP55,2020,nogroup
PWGTP56,ACSPUMS5Y2020,ACSPUMS5Y2020_nogroup_PWGTP56,2020,nogroup
PWGTP56,ACSPUMS5YPR2020,ACSPUMS5YPR2020_nogroup_PWGTP56,2020,nogroup
PWGTP57,ACSPUMS5YPR2020,ACSPUMS5YPR2020_nogroup_PWGTP57,2020,nogroup
PWGTP57,ACSPUMS5Y2020,ACSPUMS5Y2020_nogroup_PWGTP57,2020,nogroup
PWGTP58,ACSPUMS5Y2020,ACSPUMS5Y2020_nogroup_PWGTP58,2020,nogroup
PWGTP58,ACSPUMS5YPR2020,ACSPUMS5YPR2020_nogroup_PWGTP58,2020,nogroup
PWGTP59,ACSPUMS5YPR2020,ACSPUMS5YPR2020_nogroup_PWGTP59,2020,nogroup
PWGTP59,ACSPUMS5Y2020,ACSPUMS5Y2020_nogroup_PWGTP59,2020,nogroup
PWGTP6,ACSPUMS5YPR2020,ACSPUMS5YPR2020_nogroup_PWGTP6,2020,nogroup
PWGTP6,ACSPUMS5Y2020,ACSPUMS5Y2020_nogroup_PWGTP6,2020,nogroup
PWGTP60,ACSPUMS5Y2020,ACSPUMS5Y2020_nogroup_PWGTP60,2020,nogroup
PWGTP60,ACSPUMS5YPR2020,ACSPUMS5YPR2020_nogroup_PWGTP60,2020,nogroup
PWGTP61,ACSPUMS5Y2020,ACSPUMS5Y2020_nogroup_PWGTP61,2020,nogroup
PWGTP61,ACSPUMS5YPR2020,ACSPUMS5YPR2020_nogroup_PWGTP61,2020,nogroup
PWGTP62,ACSPUMS5Y2020,ACSPUMS5Y2020_nogroup_PWGTP62,2020,nogroup
PWGTP62,ACSPUMS5YPR2020,ACSPUMS5YPR2020_nogroup_PWGTP62,2020,nogroup
PWGTP63,ACSPUMS5Y2020,ACSPUMS5Y2020_nogroup_PWGTP63,2020,nogroup
PWGTP63,ACSPUMS5YPR2020,ACSPUMS5YPR2020_nogroup_PWGTP63,2020,nogroup
PWGTP64,ACSPUMS5Y2020,ACSPUMS5Y2020_nogroup_PWGTP64,2020,nogroup
PWGTP64,ACSPUMS5YPR2020,ACSPUMS5YPR2020_nogroup_PWGTP64,2020,nogroup
PWGTP65,ACSPUMS5Y2020,ACSPUMS5Y2020_nogroup_PWGTP65,2020,nogroup
PWGTP65,ACSPUMS5YPR2020,ACSPUMS5YPR2020_nogroup_PWGTP65,2020,nogroup
PWGTP66,ACSPUMS5Y2020,ACSPUMS5Y2020_nogroup_PWGTP66,2020,nogroup
PWGTP66,ACSPUMS5YPR2020,ACSPUMS5YPR2020_nogroup_PWGTP66,2020,nogroup
PWGTP67,ACSPUMS5Y2020,ACSPUMS5Y2020_nogroup_PWGTP67,2020,nogroup
PWGTP67,ACSPUMS5YPR2020,ACSPUMS5YPR2020_nogroup_PWGTP67,2020,nogroup
PWGTP68,ACSPUMS5Y2020,ACSPUMS5Y2020_nogroup_PWGTP68,2020,nogroup
PWGTP68,ACSPUMS5YPR2020,ACSPUMS5YPR2020_nogroup_PWGTP68,2020,nogroup
PWGTP69,ACSPUMS5Y2020,ACSPUMS5Y2020_nogroup_PWGTP69,2020,nogroup
PWGTP69,ACSPUMS5YPR2020,ACSPUMS5YPR2020_nogroup_PWGTP69,2020,nogroup
PWGTP7,ACSPUMS5YPR2020,ACSPUMS5YPR2020_nogroup_PWGTP7,2020,nogroup
PWGTP7,ACSPUMS5Y2020,ACSPUMS5Y2020_nogroup_PWGTP7,2020,nogroup
PWGTP70,ACSPUMS5YPR2020,ACSPUMS5YPR2020_nogroup_PWGTP70,2020,nogroup
PWGTP70,ACSPUMS5Y2020,ACSPUMS5Y2020_nogroup_PWGTP70,2020,nogroup
PWGTP71,ACSPUMS5Y2020,ACSPUMS5Y2020_nogroup_PWGTP71,2020,nogroup
PWGTP71,ACSPUMS5YPR2020,ACSPUMS5YPR2020_nogroup_PWGTP71,2020,nogroup
PWGTP72,ACSPUMS5Y2020,ACSPUMS5Y2020_nogroup_PWGTP72,2020,nogroup
PWGTP72,ACSPUMS5YPR2020,ACSPUMS5YPR2020_nogroup_PWGTP72,2020,nogroup
PWGTP73,ACSPUMS5Y2020,ACSPUMS5Y2020_nogroup_PWGTP73,2020,nogroup
PWGTP73,ACSPUMS5YPR2020,ACSPUMS5YPR2020_nogroup_PWGTP73,2020,nogroup
PWGTP74,ACSPUMS5YPR2020,ACSPUMS5YPR2020_nogroup_PWGTP74,2020,nogroup
PWGTP74,ACSPUMS5Y2020,ACSPUMS5Y2020_nogroup_PWGTP74,2020,nogroup
PWGTP75,ACSPUMS5Y2020,ACSPUMS5Y2020_nogroup_PWGTP75,2020,nogroup
PWGTP75,ACSPUMS5YPR2020,ACSPUMS5YPR2020_nogroup_PWGTP75,2020,nogroup
PWGTP76,ACSPUMS5YPR2020,ACSPUMS5YPR2020_nogroup_PWGTP76,2020,nogroup
PWGTP76,ACSPUMS5Y2020,ACSPUMS5Y2020_nogroup_PWGTP76,2020,nogroup
PWGTP77,ACSPUMS5Y2020,ACSPUMS5Y2020_nogroup_PWGTP77,2020,nogroup
PWGTP77,ACSPUMS5YPR2020,ACSPUMS5YPR2020_nogroup_PWGTP77,2020,nogroup
PWGTP78,ACSPUMS5Y2020,ACSPUMS5Y2020_nogroup_PWGTP78,2020,nogroup
PWGTP78,ACSPUMS5YPR2020,ACSPUMS5YPR2020_nogroup_PWGTP78,2020,nogroup
PWGTP79,ACSPUMS5Y2020,ACSPUMS5Y2020_nogroup_PWGTP79,2020,nogroup
PWGTP79,ACSPUMS5YPR2020,ACSPUMS5YPR2020_nogroup_PWGTP79,2020,nogroup
PWGTP8,ACSPUMS5Y2020,ACSPUMS5Y2020_nogroup_PWGTP8,2020,nogroup
PWGTP8,ACSPUMS5YPR2020,ACSPUMS5YPR2020_nogroup_PWGTP8,2020,nogroup
PWGTP80,ACSPUMS5Y2020,ACSPUMS5Y2020_nogroup_PWGTP80,2020,nogroup
PWGTP80,ACSPUMS5YPR2020,ACSPUMS5YPR2020_nogroup_PWGTP80,2020,nogroup
PWGTP9,ACSPUMS5Y2020,ACSPUMS5Y2020_nogroup_PWGTP9,2020,nogroup
PWGTP9,ACSPUMS5YPR2020,ACSPUMS5YPR2020_nogroup_PWGTP9,2020,nogroup
QTRBIR,ACSPUMS5Y2020,ACSPUMS5Y2020_nogroup_QTRBIR,2020,nogroup
QTRBIR,ACSPUMS5YPR2020,ACSPUMS5YPR2020_nogroup_QTRBIR,2020,nogroup
R18,ACSPUMS5Y2020,ACSPUMS5Y2020_nogroup_R18,2020,nogroup
R18,ACSPUMS5YPR2020,ACSPUMS5YPR2020_nogroup_R18,2020,nogroup
R60,ACSPUMS5Y2020,ACSPUMS5Y2020_nogroup_R60,2020,nogroup
R60,ACSPUMS5YPR2020,ACSPUMS5YPR2020_nogroup_R60,2020,nogroup
R65,ACSPUMS5YPR2020,ACSPUMS5YPR2020_nogroup_R65,2020,nogroup
R65,ACSPUMS5Y2020,ACSPUMS5Y2020_nogroup_R65,2020,nogroup
RAC1P,ACSPUMS5Y2020,ACSPUMS5Y2020_nogroup_RAC1P,2020,nogroup
RAC1P,ACSPUMS5YPR2020,ACSPUMS5YPR2020_nogroup_RAC1P,2020,nogroup
RAC2P,ACSPUMS5Y2020,ACSPUMS5Y2020_nogroup_RAC2P,2020,nogroup
RAC2P,ACSPUMS5YPR2020,ACSPUMS5YPR2020_nogroup_RAC2P,2020,nogroup
RAC3P,ACSPUMS5YPR2020,ACSPUMS5YPR2020_nogroup_RAC3P,2020,nogroup
RAC3P,ACSPUMS5Y2020,ACSPUMS5Y2020_nogroup_RAC3P,2020,nogroup
RACAIAN,ACSPUMS5Y2020,ACSPUMS5Y2020_nogroup_RACAIAN,2020,nogroup
RACAIAN,ACSPUMS5YPR2020,ACSPUMS5YPR2020_nogroup_RACAIAN,2020,nogroup
RACASN,ACSPUMS5YPR2020,ACSPUMS5YPR2020_nogroup_RACASN,2020,nogroup
RACASN,ACSPUMS5Y2020,ACSPUMS5Y2020_nogroup_RACASN,2020,nogroup
RACBLK,ACSPUMS5Y2020,ACSPUMS5Y2020_nogroup_RACBLK,2020,nogroup
RACBLK,ACSPUMS5YPR2020,ACSPUMS5YPR2020_nogroup_RACBLK,2020,nogroup
RACNH,ACSPUMS5Y2020,ACSPUMS5Y2020_nogroup_RACNH,2020,nogroup
RACNH,ACSPUMS5YPR2020,ACSPUMS5YPR2020_nogroup_RACNH,2020,nogroup
RACNUM,ACSPUMS5YPR2020,ACSPUMS5YPR2020_nogroup_RACNUM,2020,nogroup
RACNUM,ACSPUMS5Y2020,ACSPUMS5Y2020_nogroup_RACNUM,2020,nogroup
RACPI,ACSPUMS5YPR2020,ACSPUMS5YPR2020_nogroup_RACPI,2020,nogroup
RACPI,ACSPUMS5Y2020,ACSPUMS5Y2020_nogroup_RACPI,2020,nogroup
RACSOR,ACSPUMS5Y2020,ACSPUMS5Y2020_nogroup_RACSOR,2020,nogroup
RACSOR,ACSPUMS5YPR2020,ACSPUMS5YPR2020_nogroup_RACSOR,2020,nogroup
RACWHT,ACSPUMS5Y2020,ACSPUMS5Y2020_nogroup_RACWHT,2020,nogroup
RACWHT,ACSPUMS5YPR2020,ACSPUMS5YPR2020_nogroup_RACWHT,2020,nogroup
RC,ACSPUMS5YPR2020,ACSPUMS5YPR2020_nogroup_RC,2020,nogroup
RC,ACSPUMS5Y2020,ACSPUMS5Y2020_nogroup_RC,2020,nogroup
RECORD_TYPE,ACSPUMS5YPR2020,ACSPUMS5YPR2020_nogroup_RECORD_TYPE,2020,nogroup
RECORD_TYPE,ACSPUMS5Y2020,ACSPUMS5Y2020_nogroup_RECORD_TYPE,2020,nogroup
REFR,ACSPUMS5YPR2020,ACSPUMS5YPR2020_nogroup_REFR,2020,nogroup
REFR,ACSPUMS5Y2020,ACSPUMS5Y2020_nogroup_REFR,2020,nogroup
REGION,ACSPUMS5Y2020,ACSPUMS5Y2020_nogroup_REGION,2020,nogroup
REGION,ACSPUMS5YPR2020,ACSPUMS5YPR2020_nogroup_REGION,2020,nogroup
REGION,ACSDT5Y2020,ACSDT5Y2020_nogroup_REGION,2020,nogroup
REGION,ACSDP5Y2020,ACSDP5Y2020_nogroup_REGION,2020,nogroup
REGION,ACSST5Y2020,ACSST5Y2020_nogroup_REGION,2020,nogroup
RELSHIPP,ACSPUMS5YPR2020,ACSPUMS5YPR2020_nogroup_RELSHIPP,2020,nogroup
RELSHIPP,ACSPUMS5Y2020,ACSPUMS5Y2020_nogroup_RELSHIPP,2020,nogroup
RESMODE,ACSPUMS5YPR2020,ACSPUMS5YPR2020_nogroup_RESMODE,2020,nogroup
RESMODE,ACSPUMS5Y2020,ACSPUMS5Y2020_nogroup_RESMODE,2020,nogroup
RETP,ACSPUMS5YPR2020,ACSPUMS5YPR2020_nogroup_RETP,2020,nogroup
RETP,ACSPUMS5Y2020,ACSPUMS5Y2020_nogroup_RETP,2020,nogroup
RMSP,ACSPUMS5YPR2020,ACSPUMS5YPR2020_nogroup_RMSP,2020,nogroup
RMSP,ACSPUMS5Y2020,ACSPUMS5Y2020_nogroup_RMSP,2020,nogroup
RNTM,ACSPUMS5Y2020,ACSPUMS5Y2020_nogroup_RNTM,2020,nogroup
RNTM,ACSPUMS5YPR2020,ACSPUMS5YPR2020_nogroup_RNTM,2020,nogroup
RNTP,ACSPUMS5YPR2020,ACSPUMS5YPR2020_nogroup_RNTP,2020,nogroup
RNTP,ACSPUMS5Y2020,ACSPUMS5Y2020_nogroup_RNTP,2020,nogroup
RT,ACSPUMS5Y2020,ACSPUMS5Y2020_nogroup_RT,2020,nogroup
RT,ACSPUMS5YPR2020,ACSPUMS5YPR2020_nogroup_RT,2020,nogroup
RWAT,ACSPUMS5YPR2020,ACSPUMS5YPR2020_nogroup_RWAT,2020,nogroup
RWAT,ACSPUMS5Y2020,ACSPUMS5Y2020_nogroup_RWAT,2020,nogroup
RWATPR,ACSPUMS5YPR2020,ACSPUMS5YPR2020_nogroup_RWATPR,2020,nogroup
RWATPR,ACSPUMS5Y2020,ACSPUMS5Y2020_nogroup_RWATPR,2020,nogroup
SATELLITE,ACSPUMS5YPR2020,ACSPUMS5YPR2020_nogroup_SATELLITE,2020,nogroup
SATELLITE,ACSPUMS5Y2020,ACSPUMS5Y2020_nogroup_SATELLITE,2020,nogroup
SCH,ACSPUMS5YPR2020,ACSPUMS5YPR2020_nogroup_SCH,2020,nogroup
SCH,ACSPUMS5Y2020,ACSPUMS5Y2020_nogroup_SCH,2020,nogroup
SCHG,ACSPUMS5Y2020,ACSPUMS5Y2020_nogroup_SCHG,2020,nogroup
SCHG,ACSPUMS5YPR2020,ACSPUMS5YPR2020_nogroup_SCHG,2020,nogroup
SCHL,ACSPUMS5YPR2020,ACSPUMS5YPR2020_nogroup_SCHL,2020,nogroup
SCHL,ACSPUMS5Y2020,ACSPUMS5Y2020_nogroup_SCHL,2020,nogroup
SCIENGP,ACSPUMS5Y2020,ACSPUMS5Y2020_nogroup_SCIENGP,2020,nogroup
SCIENGP,ACSPUMS5YPR2020,ACSPUMS5YPR2020_nogroup_SCIENGP,2020,nogroup
SCIENGRLP,ACSPUMS5YPR2020,ACSPUMS5YPR2020_nogroup_SCIENGRLP,2020,nogroup
SCIENGRLP,ACSPUMS5Y2020,ACSPUMS5Y2020_nogroup_SCIENGRLP,2020,nogroup
SDELM,ACSDP5Y2020,ACSDP5Y2020_nogroup_SDELM,2020,nogroup
SDELM,ACSST5Y2020,ACSST5Y2020_nogroup_SDELM,2020,nogroup
SDELM,ACSDT5Y2020,ACSDT5Y2020_nogroup_SDELM,2020,nogroup
SDSEC,ACSDP5Y2020,ACSDP5Y2020_nogroup_SDSEC,2020,nogroup
SDSEC,ACSST5Y2020,ACSST5Y2020_nogroup_SDSEC,2020,nogroup
SDSEC,ACSDT5Y2020,ACSDT5Y2020_nogroup_SDSEC,2020,nogroup
SDUNI,ACSDP5Y2020,ACSDP5Y2020_nogroup_SDUNI,2020,nogroup
SDUNI,ACSST5Y2020,ACSST5Y2020_nogroup_SDUNI,2020,nogroup
SDUNI,ACSDT5Y2020,ACSDT5Y2020_nogroup_SDUNI,2020,nogroup
SEMP,ACSPUMS5YPR2020,ACSPUMS5YPR2020_nogroup_SEMP,2020,nogroup
SEMP,ACSPUMS5Y2020,ACSPUMS5Y2020_nogroup_SEMP,2020,nogroup
SERIALNO,ACSPUMS5YPR2020,ACSPUMS5YPR2020_nogroup_SERIALNO,2020,nogroup
SERIALNO,ACSPUMS5Y2020,ACSPUMS5Y2020_nogroup_SERIALNO,2020,nogroup
SEX,ACSPUMS5Y2020,ACSPUMS5Y2020_nogroup_SEX,2020,nogroup
SEX,ACSPUMS5YPR2020,ACSPUMS5YPR2020_nogroup_SEX,2020,nogroup
SFN,ACSPUMS5Y2020,ACSPUMS5Y2020_nogroup_SFN,2020,nogroup
SFN,ACSPUMS5YPR2020,ACSPUMS5YPR2020_nogroup_SFN,2020,nogroup
SFR,ACSPUMS5Y2020,ACSPUMS5Y2020_nogroup_SFR,2020,nogroup
SFR,ACSPUMS5YPR2020,ACSPUMS5YPR2020_nogroup_SFR,2020,nogroup
SINK,ACSPUMS5Y2020,ACSPUMS5Y2020_nogroup_SINK,2020,nogroup
SINK,ACSPUMS5YPR2020,ACSPUMS5YPR2020_nogroup_SINK,2020,nogroup
SLDL,ACSDP5Y2020,ACSDP5Y2020_nogroup_SLDL,2020,nogroup
SLDL,ACSDT5Y2020,ACSDT5Y2020_nogroup_SLDL,2020,nogroup
SLDL,ACSST5Y2020,ACSST5Y2020_nogroup_SLDL,2020,nogroup
SLDU,ACSDT5Y2020,ACSDT5Y2020_nogroup_SLDU,2020,nogroup
SLDU,ACSDP5Y2020,ACSDP5Y2020_nogroup_SLDU,2020,nogroup
SLDU,ACSST5Y2020,ACSST5Y2020_nogroup_SLDU,2020,nogroup
SMARTPHONE,ACSPUMS5Y2020,ACSPUMS5Y2020_nogroup_SMARTPHONE,2020,nogroup
SMARTPHONE,ACSPUMS5YPR2020,ACSPUMS5YPR2020_nogroup_SMARTPHONE,2020,nogroup
SMOCP,ACSPUMS5YPR2020,ACSPUMS5YPR2020_nogroup_SMOCP,2020,nogroup
SMOCP,ACSPUMS5Y2020,ACSPUMS5Y2020_nogroup_SMOCP,2020,nogroup
SMP,ACSPUMS5Y2020,ACSPUMS5Y2020_nogroup_SMP,2020,nogroup
SMP,ACSPUMS5YPR2020,ACSPUMS5YPR2020_nogroup_SMP,2020,nogroup
SMX,ACSPUMS5YPR2020,ACSPUMS5YPR2020_nogroup_SMX,2020,nogroup
SMX,ACSPUMS5Y2020,ACSPUMS5Y2020_nogroup_SMX,2020,nogroup
SOCP,ACSPUMS5YPR2020,ACSPUMS5YPR2020_nogroup_SOCP,2020,nogroup
SOCP,ACSPUMS5Y2020,ACSPUMS5Y2020_nogroup_SOCP,2020,nogroup
SPORDER,ACSPUMS5YPR2020,ACSPUMS5YPR2020_nogroup_SPORDER,2020,nogroup
SPORDER,ACSPUMS5Y2020,ACSPUMS5Y2020_nogroup_SPORDER,2020,nogroup
SRNT,ACSPUMS5Y2020,ACSPUMS5Y2020_nogroup_SRNT,2020,nogroup
SRNT,ACSPUMS5YPR2020,ACSPUMS5YPR2020_nogroup_SRNT,2020,nogroup
SSIP,ACSPUMS5YPR2020,ACSPUMS5YPR2020_nogroup_SSIP,2020,nogroup
SSIP,ACSPUMS5Y2020,ACSPUMS5Y2020_nogroup_SSIP,2020,nogroup
SSP,ACSPUMS5YPR2020,ACSPUMS5YPR2020_nogroup_SSP,2020,nogroup
SSP,ACSPUMS5Y2020,ACSPUMS5Y2020_nogroup_SSP,2020,nogroup
ST,ACSPUMS5Y2020,ACSPUMS5Y2020_nogroup_ST,2020,nogroup
ST,ACSPUMS5YPR2020,ACSPUMS5YPR2020_nogroup_ST,2020,nogroup
STATE,ACSDP5Y2020,ACSDP5Y2020_nogroup_STATE,2020,nogroup
STATE,ACSDT5Y2020,ACSDT5Y2020_nogroup_STATE,2020,nogroup
STATE,ACSST5Y2020,ACSST5Y2020_nogroup_STATE,2020,nogroup
STATE,ACSCP5Y2020,ACSCP5Y2020_nogroup_STATE,2020,nogroup
STOV,ACSPUMS5Y2020,ACSPUMS5Y2020_nogroup_STOV,2020,nogroup
STOV,ACSPUMS5YPR2020,ACSPUMS5YPR2020_nogroup_STOV,2020,nogroup
SUBMCD,ACSDP5Y2020,ACSDP5Y2020_nogroup_SUBMCD,2020,nogroup
SUBMCD,ACSST5Y2020,ACSST5Y2020_nogroup_SUBMCD,2020,nogroup
SUBMCD,ACSDT5Y2020,ACSDT5Y2020_nogroup_SUBMCD,2020,nogroup
SUMLEVEL,ACSDP5Y2020,ACSDP5Y2020_nogroup_SUMLEVEL,2020,nogroup
SUMLEVEL,ACSST5Y2020,ACSST5Y2020_nogroup_SUMLEVEL,2020,nogroup
SUMLEVEL,ACSDT5Y2020,ACSDT5Y2020_nogroup_SUMLEVEL,2020,nogroup
SUMLEVEL,ACSCP5Y2020,ACSCP5Y2020_nogroup_SUMLEVEL,2020,nogroup
SVAL,ACSPUMS5Y2020,ACSPUMS5Y2020_nogroup_SVAL,2020,nogroup
SVAL,ACSPUMS5YPR2020,ACSPUMS5YPR2020_nogroup_SVAL,2020,nogroup
TABLET,ACSPUMS5YPR2020,ACSPUMS5YPR2020_nogroup_TABLET,2020,nogroup
TABLET,ACSPUMS5Y2020,ACSPUMS5Y2020_nogroup_TABLET,2020,nogroup
TAXAMT,ACSPUMS5Y2020,ACSPUMS5Y2020_nogroup_TAXAMT,2020,nogroup
TAXAMT,ACSPUMS5YPR2020,ACSPUMS5YPR2020_nogroup_TAXAMT,2020,nogroup
TEL,ACSPUMS5YPR2020,ACSPUMS5YPR2020_nogroup_TEL,2020,nogroup
TEL,ACSPUMS5Y2020,ACSPUMS5Y2020_nogroup_TEL,2020,nogroup
TEN,ACSPUMS5YPR2020,ACSPUMS5YPR2020_nogroup_TEN,2020,nogroup
TEN,ACSPUMS5Y2020,ACSPUMS5Y2020_nogroup_TEN,2020,nogroup
TRACT,ACSDP5Y2020,ACSDP5Y2020_nogroup_TRACT,2020,nogroup
TRACT,ACSST5Y2020,ACSST5Y2020_nogroup_TRACT,2020,nogroup
TRACT,ACSDT5Y2020,ACSDT5Y2020_nogroup_TRACT,2020,nogroup
TRISUBREM,ACSDT5Y2020,ACSDT5Y2020_nogroup_TRISUBREM,2020,nogroup
TRISUBREM,ACSST5Y2020,ACSST5Y2020_nogroup_TRISUBREM,2020,nogroup
TRISUBREM,ACSDP5Y2020,ACSDP5Y2020_nogroup_TRISUBREM,2020,nogroup
TTRACT,ACSDT5Y2020,ACSDT5Y2020_nogroup_TTRACT,2020,nogroup
TTRACT,ACSDP5Y2020,ACSDP5Y2020_nogroup_TTRACT,2020,nogroup
TTRACT,ACSST5Y2020,ACSST5Y2020_nogroup_TTRACT,2020,nogroup
TYPEHUGQ,ACSPUMS5Y2020,ACSPUMS5Y2020_nogroup_TYPEHUGQ,2020,nogroup
TYPEHUGQ,ACSPUMS5YPR2020,ACSPUMS5YPR2020_nogroup_TYPEHUGQ,2020,nogroup
UA,ACSDP5Y2020,ACSDP5Y2020_nogroup_UA,2020,nogroup
UA,ACSDT5Y2020,ACSDT5Y2020_nogroup_UA,2020,nogroup
UA,ACSST5Y2020,ACSST5Y2020_nogroup_UA,2020,nogroup
VACS,ACSPUMS5YPR2020,ACSPUMS5YPR2020_nogroup_VACS,2020,nogroup
VACS,ACSPUMS5Y2020,ACSPUMS5Y2020_nogroup_VACS,2020,nogroup
VALP,ACSPUMS5Y2020,ACSPUMS5Y2020_nogroup_VALP,2020,nogroup
VALP,ACSPUMS5YPR2020,ACSPUMS5YPR2020_nogroup_VALP,2020,nogroup
VEH,ACSPUMS5YPR2020,ACSPUMS5YPR2020_nogroup_VEH,2020,nogroup
VEH,ACSPUMS5Y2020,ACSPUMS5Y2020_nogroup_VEH,2020,nogroup
VPS,ACSPUMS5YPR2020,ACSPUMS5YPR2020_nogroup_VPS,2020,nogroup
VPS,ACSPUMS5Y2020,ACSPUMS5Y2020_nogroup_VPS,2020,nogroup
WAGP,ACSPUMS5YPR2020,ACSPUMS5YPR2020_nogroup_WAGP,2020,nogroup
WAGP,ACSPUMS5Y2020,ACSPUMS5Y2020_nogroup_WAGP,2020,nogroup
WAOB,ACSPUMS5YPR2020,ACSPUMS5YPR2020_nogroup_WAOB,2020,nogroup
WAOB,ACSPUMS5Y2020,ACSPUMS5Y2020_nogroup_WAOB,2020,nogroup
WATFP,ACSPUMS5Y2020,ACSPUMS5Y2020_nogroup_WATFP,2020,nogroup
WATFP,ACSPUMS5YPR2020,ACSPUMS5YPR2020_nogroup_WATFP,2020,nogroup
WATP,ACSPUMS5Y2020,ACSPUMS5Y2020_nogroup_WATP,2020,nogroup
WATP,ACSPUMS5YPR2020,ACSPUMS5YPR2020_nogroup_WATP,2020,nogroup
WGTP,ACSPUMS5Y2020,ACSPUMS5Y2020_nogroup_WGTP,2020,nogroup
WGTP,ACSPUMS5YPR2020,ACSPUMS5YPR2020_nogroup_WGTP,2020,nogroup
WGTP1,ACSPUMS5Y2020,ACSPUMS5Y2020_nogroup_WGTP1,2020,nogroup
WGTP1,ACSPUMS5YPR2020,ACSPUMS5YPR2020_nogroup_WGTP1,2020,nogroup
WGTP10,ACSPUMS5Y2020,ACSPUMS5Y2020_nogroup_WGTP10,2020,nogroup
WGTP10,ACSPUMS5YPR2020,ACSPUMS5YPR2020_nogroup_WGTP10,2020,nogroup
WGTP11,ACSPUMS5Y2020,ACSPUMS5Y2020_nogroup_WGTP11,2020,nogroup
WGTP11,ACSPUMS5YPR2020,ACSPUMS5YPR2020_nogroup_WGTP11,2020,nogroup
WGTP12,ACSPUMS5Y2020,ACSPUMS5Y2020_nogroup_WGTP12,2020,nogroup
WGTP12,ACSPUMS5YPR2020,ACSPUMS5YPR2020_nogroup_WGTP12,2020,nogroup
WGTP13,ACSPUMS5YPR2020,ACSPUMS5YPR2020_nogroup_WGTP13,2020,nogroup
WGTP13,ACSPUMS5Y2020,ACSPUMS5Y2020_nogroup_WGTP13,2020,nogroup
WGTP14,ACSPUMS5YPR2020,ACSPUMS5YPR2020_nogroup_WGTP14,2020,nogroup
WGTP14,ACSPUMS5Y2020,ACSPUMS5Y2020_nogroup_WGTP14,2020,nogroup
WGTP15,ACSPUMS5YPR2020,ACSPUMS5YPR2020_nogroup_WGTP15,2020,nogroup
WGTP15,ACSPUMS5Y2020,ACSPUMS5Y2020_nogroup_WGTP15,2020,nogroup
WGTP16,ACSPUMS5Y2020,ACSPUMS5Y2020_nogroup_WGTP16,2020,nogroup
WGTP16,ACSPUMS5YPR2020,ACSPUMS5YPR2020_nogroup_WGTP16,2020,nogroup
WGTP17,ACSPUMS5Y2020,ACSPUMS5Y2020_nogroup_WGTP17,2020,nogroup
WGTP17,ACSPUMS5YPR2020,ACSPUMS5YPR2020_nogroup_WGTP17,2020,nogroup
WGTP18,ACSPUMS5YPR2020,ACSPUMS5YPR2020_nogroup_WGTP18,2020,nogroup
WGTP18,ACSPUMS5Y2020,ACSPUMS5Y2020_nogroup_WGTP18,2020,nogroup
WGTP19,ACSPUMS5YPR2020,ACSPUMS5YPR2020_nogroup_WGTP19,2020,nogroup
WGTP19,ACSPUMS5Y2020,ACSPUMS5Y2020_nogroup_WGTP19,2020,nogroup
WGTP2,ACSPUMS5YPR2020,ACSPUMS5YPR2020_nogroup_WGTP2,2020,nogroup
WGTP2,ACSPUMS5Y2020,ACSPUMS5Y2020_nogroup_WGTP2,2020,nogroup
WGTP20,ACSPUMS5YPR2020,ACSPUMS5YPR2020_nogroup_WGTP20,2020,nogroup
WGTP20,ACSPUMS5Y2020,ACSPUMS5Y2020_nogroup_WGTP20,2020,nogroup
WGTP21,ACSPUMS5Y2020,ACSPUMS5Y2020_nogroup_WGTP21,2020,nogroup
WGTP21,ACSPUMS5YPR2020,ACSPUMS5YPR2020_nogroup_WGTP21,2020,nogroup
WGTP22,ACSPUMS5YPR2020,ACSPUMS5YPR2020_nogroup_WGTP22,2020,nogroup
WGTP22,ACSPUMS5Y2020,ACSPUMS5Y2020_nogroup_WGTP22,2020,nogroup
WGTP23,ACSPUMS5Y2020,ACSPUMS5Y2020_nogroup_WGTP23,2020,nogroup
WGTP23,ACSPUMS5YPR2020,ACSPUMS5YPR2020_nogroup_WGTP23,2020,nogroup
WGTP24,ACSPUMS5Y2020,ACSPUMS5Y2020_nogroup_WGTP24,2020,nogroup
WGTP24,ACSPUMS5YPR2020,ACSPUMS5YPR2020_nogroup_WGTP24,2020,nogroup
WGTP25,ACSPUMS5Y2020,ACSPUMS5Y2020_nogroup_WGTP25,2020,nogroup
WGTP25,ACSPUMS5YPR2020,ACSPUMS5YPR2020_nogroup_WGTP25,2020,nogroup
WGTP26,ACSPUMS5YPR2020,ACSPUMS5YPR2020_nogroup_WGTP26,2020,nogroup
WGTP26,ACSPUMS5Y2020,ACSPUMS5Y2020_nogroup_WGTP26,2020,nogroup
WGTP27,ACSPUMS5YPR2020,ACSPUMS5YPR2020_nogroup_WGTP27,2020,nogroup
WGTP27,ACSPUMS5Y2020,ACSPUMS5Y2020_nogroup_WGTP27,2020,nogroup
WGTP28,ACSPUMS5Y2020,ACSPUMS5Y2020_nogroup_WGTP28,2020,nogroup
WGTP28,ACSPUMS5YPR2020,ACSPUMS5YPR2020_nogroup_WGTP28,2020,nogroup
WGTP29,ACSPUMS5YPR2020,ACSPUMS5YPR2020_nogroup_WGTP29,2020,nogroup
WGTP29,ACSPUMS5Y2020,ACSPUMS5Y2020_nogroup_WGTP29,2020,nogroup
WGTP3,ACSPUMS5Y2020,ACSPUMS5Y2020_nogroup_WGTP3,2020,nogroup
WGTP3,ACSPUMS5YPR2020,ACSPUMS5YPR2020_nogroup_WGTP3,2020,nogroup
WGTP30,ACSPUMS5Y2020,ACSPUMS5Y2020_nogroup_WGTP30,2020,nogroup
WGTP30,ACSPUMS5YPR2020,ACSPUMS5YPR2020_nogroup_WGTP30,2020,nogroup
WGTP31,ACSPUMS5YPR2020,ACSPUMS5YPR2020_nogroup_WGTP31,2020,nogroup
WGTP31,ACSPUMS5Y2020,ACSPUMS5Y2020_nogroup_WGTP31,2020,nogroup
WGTP32,ACSPUMS5Y2020,ACSPUMS5Y2020_nogroup_WGTP32,2020,nogroup
WGTP32,ACSPUMS5YPR2020,ACSPUMS5YPR2020_nogroup_WGTP32,2020,nogroup
WGTP33,ACSPUMS5YPR2020,ACSPUMS5YPR2020_nogroup_WGTP33,2020,nogroup
WGTP33,ACSPUMS5Y2020,ACSPUMS5Y2020_nogroup_WGTP33,2020,nogroup
WGTP34,ACSPUMS5Y2020,ACSPUMS5Y2020_nogroup_WGTP34,2020,nogroup
WGTP34,ACSPUMS5YPR2020,ACSPUMS5YPR2020_nogroup_WGTP34,2020,nogroup
WGTP35,ACSPUMS5Y2020,ACSPUMS5Y2020_nogroup_WGTP35,2020,nogroup
WGTP35,ACSPUMS5YPR2020,ACSPUMS5YPR2020_nogroup_WGTP35,2020,nogroup
WGTP36,ACSPUMS5Y2020,ACSPUMS5Y2020_nogroup_WGTP36,2020,nogroup
WGTP36,ACSPUMS5YPR2020,ACSPUMS5YPR2020_nogroup_WGTP36,2020,nogroup
WGTP37,ACSPUMS5Y2020,ACSPUMS5Y2020_nogroup_WGTP37,2020,nogroup
WGTP37,ACSPUMS5YPR2020,ACSPUMS5YPR2020_nogroup_WGTP37,2020,nogroup
WGTP38,ACSPUMS5YPR2020,ACSPUMS5YPR2020_nogroup_WGTP38,2020,nogroup
WGTP38,ACSPUMS5Y2020,ACSPUMS5Y2020_nogroup_WGTP38,2020,nogroup
WGTP39,ACSPUMS5YPR2020,ACSPUMS5YPR2020_nogroup_WGTP39,2020,nogroup
WGTP39,ACSPUMS5Y2020,ACSPUMS5Y2020_nogroup_WGTP39,2020,nogroup
WGTP4,ACSPUMS5Y2020,ACSPUMS5Y2020_nogroup_WGTP4,2020,nogroup
WGTP4,ACSPUMS5YPR2020,ACSPUMS5YPR2020_nogroup_WGTP4,2020,nogroup
WGTP40,ACSPUMS5Y2020,ACSPUMS5Y2020_nogroup_WGTP40,2020,nogroup
WGTP40,ACSPUMS5YPR2020,ACSPUMS5YPR2020_nogroup_WGTP40,2020,nogroup
WGTP41,ACSPUMS5Y2020,ACSPUMS5Y2020_nogroup_WGTP41,2020,nogroup
WGTP41,ACSPUMS5YPR2020,ACSPUMS5YPR2020_nogroup_WGTP41,2020,nogroup
WGTP42,ACSPUMS5Y2020,ACSPUMS5Y2020_nogroup_WGTP42,2020,nogroup
WGTP42,ACSPUMS5YPR2020,ACSPUMS5YPR2020_nogroup_WGTP42,2020,nogroup
WGTP43,ACSPUMS5Y2020,ACSPUMS5Y2020_nogroup_WGTP43,2020,nogroup
WGTP43,ACSPUMS5YPR2020,ACSPUMS5YPR2020_nogroup_WGTP43,2020,nogroup
WGTP44,ACSPUMS5Y2020,ACSPUMS5Y2020_nogroup_WGTP44,2020,nogroup
WGTP44,ACSPUMS5YPR2020,ACSPUMS5YPR2020_nogroup_WGTP44,2020,nogroup
WGTP45,ACSPUMS5YPR2020,ACSPUMS5YPR2020_nogroup_WGTP45,2020,nogroup
WGTP45,ACSPUMS5Y2020,ACSPUMS5Y2020_nogroup_WGTP45,2020,nogroup
WGTP46,ACSPUMS5YPR2020,ACSPUMS5YPR2020_nogroup_WGTP46,2020,nogroup
WGTP46,ACSPUMS5Y2020,ACSPUMS5Y2020_nogroup_WGTP46,2020,nogroup
WGTP47,ACSPUMS5YPR2020,ACSPUMS5YPR2020_nogroup_WGTP47,2020,nogroup
WGTP47,ACSPUMS5Y2020,ACSPUMS5Y2020_nogroup_WGTP47,2020,nogroup
WGTP48,ACSPUMS5YPR2020,ACSPUMS5YPR2020_nogroup_WGTP48,2020,nogroup
WGTP48,ACSPUMS5Y2020,ACSPUMS5Y2020_nogroup_WGTP48,2020,nogroup
WGTP49,ACSPUMS5YPR2020,ACSPUMS5YPR2020_nogroup_WGTP49,2020,nogroup
WGTP49,ACSPUMS5Y2020,ACSPUMS5Y2020_nogroup_WGTP49,2020,nogroup
WGTP5,ACSPUMS5Y2020,ACSPUMS5Y2020_nogroup_WGTP5,2020,nogroup
WGTP5,ACSPUMS5YPR2020,ACSPUMS5YPR2020_nogroup_WGTP5,2020,nogroup
WGTP50,ACSPUMS5Y2020,ACSPUMS5Y2020_nogroup_WGTP50,2020,nogroup
WGTP50,ACSPUMS5YPR2020,ACSPUMS5YPR2020_nogroup_WGTP50,2020,nogroup
WGTP51,ACSPUMS5Y2020,ACSPUMS5Y2020_nogroup_WGTP51,2020,nogroup
WGTP51,ACSPUMS5YPR2020,ACSPUMS5YPR2020_nogroup_WGTP51,2020,nogroup
WGTP52,ACSPUMS5Y2020,ACSPUMS5Y2020_nogroup_WGTP52,2020,nogroup
WGTP52,ACSPUMS5YPR2020,ACSPUMS5YPR2020_nogroup_WGTP52,2020,nogroup
WGTP53,ACSPUMS5YPR2020,ACSPUMS5YPR2020_nogroup_WGTP53,2020,nogroup
WGTP53,ACSPUMS5Y2020,ACSPUMS5Y2020_nogroup_WGTP53,2020,nogroup
WGTP54,ACSPUMS5YPR2020,ACSPUMS5YPR2020_nogroup_WGTP54,2020,nogroup
WGTP54,ACSPUMS5Y2020,ACSPUMS5Y2020_nogroup_WGTP54,2020,nogroup
WGTP55,ACSPUMS5Y2020,ACSPUMS5Y2020_nogroup_WGTP55,2020,nogroup
WGTP55,ACSPUMS5YPR2020,ACSPUMS5YPR2020_nogroup_WGTP55,2020,nogroup
WGTP56,ACSPUMS5YPR2020,ACSPUMS5YPR2020_nogroup_WGTP56,2020,nogroup
WGTP56,ACSPUMS5Y2020,ACSPUMS5Y2020_nogroup_WGTP56,2020,nogroup
WGTP57,ACSPUMS5YPR2020,ACSPUMS5YPR2020_nogroup_WGTP57,2020,nogroup
WGTP57,ACSPUMS5Y2020,ACSPUMS5Y2020_nogroup_WGTP57,2020,nogroup
WGTP58,ACSPUMS5Y2020,ACSPUMS5Y2020_nogroup_WGTP58,2020,nogroup
WGTP58,ACSPUMS5YPR2020,ACSPUMS5YPR2020_nogroup_WGTP58,2020,nogroup
WGTP59,ACSPUMS5YPR2020,ACSPUMS5YPR2020_nogroup_WGTP59,2020,nogroup
WGTP59,ACSPUMS5Y2020,ACSPUMS5Y2020_nogroup_WGTP59,2020,nogroup
WGTP6,ACSPUMS5Y2020,ACSPUMS5Y2020_nogroup_WGTP6,2020,nogroup
WGTP6,ACSPUMS5YPR2020,ACSPUMS5YPR2020_nogroup_WGTP6,2020,nogroup
WGTP60,ACSPUMS5Y2020,ACSPUMS5Y2020_nogroup_WGTP60,2020,nogroup
WGTP60,ACSPUMS5YPR2020,ACSPUMS5YPR2020_nogroup_WGTP60,2020,nogroup
WGTP61,ACSPUMS5Y2020,ACSPUMS5Y2020_nogroup_WGTP61,2020,nogroup
WGTP61,ACSPUMS5YPR2020,ACSPUMS5YPR2020_nogroup_WGTP61,2020,nogroup
WGTP62,ACSPUMS5Y2020,ACSPUMS5Y2020_nogroup_WGTP62,2020,nogroup
WGTP62,ACSPUMS5YPR2020,ACSPUMS5YPR2020_nogroup_WGTP62,2020,nogroup
WGTP63,ACSPUMS5YPR2020,ACSPUMS5YPR2020_nogroup_WGTP63,2020,nogroup
WGTP63,ACSPUMS5Y2020,ACSPUMS5Y2020_nogroup_WGTP63,2020,nogroup
WGTP64,ACSPUMS5YPR2020,ACSPUMS5YPR2020_nogroup_WGTP64,2020,nogroup
WGTP64,ACSPUMS5Y2020,ACSPUMS5Y2020_nogroup_WGTP64,2020,nogroup
WGTP65,ACSPUMS5Y2020,ACSPUMS5Y2020_nogroup_WGTP65,2020,nogroup
WGTP65,ACSPUMS5YPR2020,ACSPUMS5YPR2020_nogroup_WGTP65,2020,nogroup
WGTP66,ACSPUMS5Y2020,ACSPUMS5Y2020_nogroup_WGTP66,2020,nogroup
WGTP66,ACSPUMS5YPR2020,ACSPUMS5YPR2020_nogroup_WGTP66,2020,nogroup
WGTP67,ACSPUMS5Y2020,ACSPUMS5Y2020_nogroup_WGTP67,2020,nogroup
WGTP67,ACSPUMS5YPR2020,ACSPUMS5YPR2020_nogroup_WGTP67,2020,nogroup
WGTP68,ACSPUMS5Y2020,ACSPUMS5Y2020_nogroup_WGTP68,2020,nogroup
WGTP68,ACSPUMS5YPR2020,ACSPUMS5YPR2020_nogroup_WGTP68,2020,nogroup
WGTP69,ACSPUMS5Y2020,ACSPUMS5Y2020_nogroup_WGTP69,2020,nogroup
WGTP69,ACSPUMS5YPR2020,ACSPUMS5YPR2020_nogroup_WGTP69,2020,nogroup
WGTP7,ACSPUMS5Y2020,ACSPUMS5Y2020_nogroup_WGTP7,2020,nogroup
WGTP7,ACSPUMS5YPR2020,ACSPUMS5YPR2020_nogroup_WGTP7,2020,nogroup
WGTP70,ACSPUMS5YPR2020,ACSPUMS5YPR2020_nogroup_WGTP70,2020,nogroup
WGTP70,ACSPUMS5Y2020,ACSPUMS5Y2020_nogroup_WGTP70,2020,nogroup
WGTP71,ACSPUMS5Y2020,ACSPUMS5Y2020_nogroup_WGTP71,2020,nogroup
WGTP71,ACSPUMS5YPR2020,ACSPUMS5YPR2020_nogroup_WGTP71,2020,nogroup
WGTP72,ACSPUMS5Y2020,ACSPUMS5Y2020_nogroup_WGTP72,2020,nogroup
WGTP72,ACSPUMS5YPR2020,ACSPUMS5YPR2020_nogroup_WGTP72,2020,nogroup
WGTP73,ACSPUMS5Y2020,ACSPUMS5Y2020_nogroup_WGTP73,2020,nogroup
WGTP73,ACSPUMS5YPR2020,ACSPUMS5YPR2020_nogroup_WGTP73,2020,nogroup
WGTP74,ACSPUMS5Y2020,ACSPUMS5Y2020_nogroup_WGTP74,2020,nogroup
WGTP74,ACSPUMS5YPR2020,ACSPUMS5YPR2020_nogroup_WGTP74,2020,nogroup
WGTP75,ACSPUMS5Y2020,ACSPUMS5Y2020_nogroup_WGTP75,2020,nogroup
WGTP75,ACSPUMS5YPR2020,ACSPUMS5YPR2020_nogroup_WGTP75,2020,nogroup
WGTP76,ACSPUMS5Y2020,ACSPUMS5Y2020_nogroup_WGTP76,2020,nogroup
WGTP76,ACSPUMS5YPR2020,ACSPUMS5YPR2020_nogroup_WGTP76,2020,nogroup
WGTP77,ACSPUMS5YPR2020,ACSPUMS5YPR2020_nogroup_WGTP77,2020,nogroup
WGTP77,ACSPUMS5Y2020,ACSPUMS5Y2020_nogroup_WGTP77,2020,nogroup
WGTP78,ACSPUMS5Y2020,ACSPUMS5Y2020_nogroup_WGTP78,2020,nogroup
WGTP78,ACSPUMS5YPR2020,ACSPUMS5YPR2020_nogroup_WGTP78,2020,nogroup
WGTP79,ACSPUMS5YPR2020,ACSPUMS5YPR2020_nogroup_WGTP79,2020,nogroup
WGTP79,ACSPUMS5Y2020,ACSPUMS5Y2020_nogroup_WGTP79,2020,nogroup
WGTP8,ACSPUMS5YPR2020,ACSPUMS5YPR2020_nogroup_WGTP8,2020,nogroup
WGTP8,ACSPUMS5Y2020,ACSPUMS5Y2020_nogroup_WGTP8,2020,nogroup
WGTP80,ACSPUMS5YPR2020,ACSPUMS5YPR2020_nogroup_WGTP80,2020,nogroup
WGTP80,ACSPUMS5Y2020,ACSPUMS5Y2020_nogroup_WGTP80,2020,nogroup
WGTP9,ACSPUMS5YPR2020,ACSPUMS5YPR2020_nogroup_WGTP9,2020,nogroup
WGTP9,ACSPUMS5Y2020,ACSPUMS5Y2020_nogroup_WGTP9,2020,nogroup
WIF,ACSPUMS5Y2020,ACSPUMS5Y2020_nogroup_WIF,2020,nogroup
WIF,ACSPUMS5YPR2020,ACSPUMS5YPR2020_nogroup_WIF,2020,nogroup
WKEXREL,ACSPUMS5YPR2020,ACSPUMS5YPR2020_nogroup_WKEXREL,2020,nogroup
WKEXREL,ACSPUMS5Y2020,ACSPUMS5Y2020_nogroup_WKEXREL,2020,nogroup
WKHP,ACSPUMS5YPR2020,ACSPUMS5YPR2020_nogroup_WKHP,2020,nogroup
WKHP,ACSPUMS5Y2020,ACSPUMS5Y2020_nogroup_WKHP,2020,nogroup
WKL,ACSPUMS5YPR2020,ACSPUMS5YPR2020_nogroup_WKL,2020,nogroup
WKL,ACSPUMS5Y2020,ACSPUMS5Y2020_nogroup_WKL,2020,nogroup
WKW,ACSPUMS5YPR2020,ACSPUMS5YPR2020_nogroup_WKW,2020,nogroup
WKW,ACSPUMS5Y2020,ACSPUMS5Y2020_nogroup_WKW,2020,nogroup
WKWN,ACSPUMS5Y2020,ACSPUMS5Y2020_nogroup_WKWN,2020,nogroup
WKWN,ACSPUMS5YPR2020,ACSPUMS5YPR2020_nogroup_WKWN,2020,nogroup
WORKSTAT,ACSPUMS5YPR2020,ACSPUMS5YPR2020_nogroup_WORKSTAT,2020,nogroup
WORKSTAT,ACSPUMS5Y2020,ACSPUMS5Y2020_nogroup_WORKSTAT,2020,nogroup
WRK,ACSPUMS5Y2020,ACSPUMS5Y2020_nogroup_WRK,2020,nogroup
WRK,ACSPUMS5YPR2020,ACSPUMS5YPR2020_nogroup_WRK,2020,nogroup
YBL,ACSPUMS5YPR2020,ACSPUMS5YPR2020_nogroup_YBL,2020,nogroup
YBL,ACSPUMS5Y2020,ACSPUMS5Y2020_nogroup_YBL,2020,nogroup
YOEP,ACSPUMS5YPR2020,ACSPUMS5YPR2020_nogroup_YOEP,2020,nogroup
YOEP,ACSPUMS5Y2020,ACSPUMS5Y2020_nogroup_YOEP,2020,nogroup
ZCTA,ACSDT5Y2020,ACSDT5Y2020_nogroup_ZCTA,2020,nogroup
ZCTA,ACSDP5Y2020,ACSDP5Y2020_nogroup_ZCTA,2020,nogroup
ZCTA,ACSST5Y2020,ACSST5Y2020_nogroup_ZCTA,2020,nogroup
for,ACSST5Y2020,ACSST5Y2020_nogroup_for,2020,nogroup
for,ACSFLOWS2020,ACSFLOWS2020_nogroup_for,2020,nogroup
for,ACSPUMS5YPR2020,ACSPUMS5YPR2020_nogroup_for,2020,nogroup
for,ACSDT5Y2020,ACSDT5Y2020_nogroup_for,2020,nogroup
for,ACSPUMS5Y2020,ACSPUMS5Y2020_nogroup_for,2020,nogroup
for,ACSCP5Y2020,ACSCP5Y2020_nogroup_for,2020,nogroup
for,ACSDP5Y2020,ACSDP5Y2020_nogroup_for,2020,nogroup
in,ACSCP5Y2020,ACSCP5Y2020_nogroup_in,2020,nogroup
in,ACSDT5Y2020,ACSDT5Y2020_nogroup_in,2020,nogroup
in,ACSPUMS5YPR2020,ACSPUMS5YPR2020_nogroup_in,2020,nogroup
in,ACSDP5Y2020,ACSDP5Y2020_nogroup_in,2020,nogroup
in,ACSPUMS5Y2020,ACSPUMS5Y2020_nogroup_in,2020,nogroup
in,ACSFLOWS2020,ACSFLOWS2020_nogroup_in,2020,nogroup
in,ACSST5Y2020,ACSST5Y2020_nogroup_in,2020,nogroup
ucgid,ACSDP5Y2020,ACSDP5Y2020_nogroup_ucgid,2020,nogroup
ucgid,ACSDT5Y2020,ACSDT5Y2020_nogroup_ucgid,2020,nogroup
ucgid,ACSPUMS5Y2020,ACSPUMS5Y2020_nogroup_ucgid,2020,nogroup
ucgid,ACSST5Y2020,ACSST5Y2020_nogroup_ucgid,2020,nogroup
ucgid,ACSPUMS5YPR2020,ACSPUMS5YPR2020_nogroup_ucgid,2020,nogroup
ucgid,ACSCP5Y2020,ACSCP5Y2020_nogroup_ucgid,2020,nogroup
ucgid,ACSFLOWS2020,ACSFLOWS2020_nogroup_ucgid,2020,nogroup
